--
-- PostgreSQL database dump
--

-- Dumped from database version 13.9 (Ubuntu 13.9-1.pgdg22.04+1)
-- Dumped by pg_dump version 13.9 (Ubuntu 13.9-1.pgdg22.04+1)

-- Started on 2022-12-12 01:20:02 -03

SET statement_timeout = 0;
SET lock_timeout = 0;
SET idle_in_transaction_session_timeout = 0;
SET client_encoding = 'UTF8';
SET standard_conforming_strings = on;
SELECT pg_catalog.set_config('search_path', '', false);
SET check_function_bodies = false;
SET xmloption = content;
SET client_min_messages = warning;
SET row_security = off;

SET default_tablespace = '';

SET default_table_access_method = heap;

--
-- TOC entry 220 (class 1259 OID 17982)
-- Name: account_emailaddress; Type: TABLE; Schema: public; Owner: postgres
--

CREATE TABLE public.account_emailaddress (
    id integer NOT NULL,
    email character varying(254) NOT NULL,
    verified boolean NOT NULL,
    "primary" boolean NOT NULL,
    user_id integer NOT NULL
);


ALTER TABLE public.account_emailaddress OWNER TO postgres;

--
-- TOC entry 219 (class 1259 OID 17980)
-- Name: account_emailaddress_id_seq; Type: SEQUENCE; Schema: public; Owner: postgres
--

ALTER TABLE public.account_emailaddress ALTER COLUMN id ADD GENERATED BY DEFAULT AS IDENTITY (
    SEQUENCE NAME public.account_emailaddress_id_seq
    START WITH 1
    INCREMENT BY 1
    NO MINVALUE
    NO MAXVALUE
    CACHE 1
);


--
-- TOC entry 222 (class 1259 OID 17991)
-- Name: account_emailconfirmation; Type: TABLE; Schema: public; Owner: postgres
--

CREATE TABLE public.account_emailconfirmation (
    id integer NOT NULL,
    created timestamp with time zone NOT NULL,
    sent timestamp with time zone,
    key character varying(64) NOT NULL,
    email_address_id integer NOT NULL
);


ALTER TABLE public.account_emailconfirmation OWNER TO postgres;

--
-- TOC entry 221 (class 1259 OID 17989)
-- Name: account_emailconfirmation_id_seq; Type: SEQUENCE; Schema: public; Owner: postgres
--

ALTER TABLE public.account_emailconfirmation ALTER COLUMN id ADD GENERATED BY DEFAULT AS IDENTITY (
    SEQUENCE NAME public.account_emailconfirmation_id_seq
    START WITH 1
    INCREMENT BY 1
    NO MINVALUE
    NO MAXVALUE
    CACHE 1
);


--
-- TOC entry 207 (class 1259 OID 17649)
-- Name: auth_group; Type: TABLE; Schema: public; Owner: postgres
--

CREATE TABLE public.auth_group (
    id integer NOT NULL,
    name character varying(150) NOT NULL
);


ALTER TABLE public.auth_group OWNER TO postgres;

--
-- TOC entry 206 (class 1259 OID 17647)
-- Name: auth_group_id_seq; Type: SEQUENCE; Schema: public; Owner: postgres
--

ALTER TABLE public.auth_group ALTER COLUMN id ADD GENERATED BY DEFAULT AS IDENTITY (
    SEQUENCE NAME public.auth_group_id_seq
    START WITH 1
    INCREMENT BY 1
    NO MINVALUE
    NO MAXVALUE
    CACHE 1
);


--
-- TOC entry 209 (class 1259 OID 17658)
-- Name: auth_group_permissions; Type: TABLE; Schema: public; Owner: postgres
--

CREATE TABLE public.auth_group_permissions (
    id bigint NOT NULL,
    group_id integer NOT NULL,
    permission_id integer NOT NULL
);


ALTER TABLE public.auth_group_permissions OWNER TO postgres;

--
-- TOC entry 208 (class 1259 OID 17656)
-- Name: auth_group_permissions_id_seq; Type: SEQUENCE; Schema: public; Owner: postgres
--

ALTER TABLE public.auth_group_permissions ALTER COLUMN id ADD GENERATED BY DEFAULT AS IDENTITY (
    SEQUENCE NAME public.auth_group_permissions_id_seq
    START WITH 1
    INCREMENT BY 1
    NO MINVALUE
    NO MAXVALUE
    CACHE 1
);


--
-- TOC entry 205 (class 1259 OID 17642)
-- Name: auth_permission; Type: TABLE; Schema: public; Owner: postgres
--

CREATE TABLE public.auth_permission (
    id integer NOT NULL,
    name character varying(255) NOT NULL,
    content_type_id integer NOT NULL,
    codename character varying(100) NOT NULL
);


ALTER TABLE public.auth_permission OWNER TO postgres;

--
-- TOC entry 204 (class 1259 OID 17640)
-- Name: auth_permission_id_seq; Type: SEQUENCE; Schema: public; Owner: postgres
--

ALTER TABLE public.auth_permission ALTER COLUMN id ADD GENERATED BY DEFAULT AS IDENTITY (
    SEQUENCE NAME public.auth_permission_id_seq
    START WITH 1
    INCREMENT BY 1
    NO MINVALUE
    NO MAXVALUE
    CACHE 1
);


--
-- TOC entry 211 (class 1259 OID 17665)
-- Name: auth_user; Type: TABLE; Schema: public; Owner: postgres
--

CREATE TABLE public.auth_user (
    id integer NOT NULL,
    password character varying(128) NOT NULL,
    last_login timestamp with time zone,
    is_superuser boolean NOT NULL,
    username character varying(150) NOT NULL,
    first_name character varying(150) NOT NULL,
    last_name character varying(150) NOT NULL,
    email character varying(254) NOT NULL,
    is_staff boolean NOT NULL,
    is_active boolean NOT NULL,
    date_joined timestamp with time zone NOT NULL
);


ALTER TABLE public.auth_user OWNER TO postgres;

--
-- TOC entry 213 (class 1259 OID 17674)
-- Name: auth_user_groups; Type: TABLE; Schema: public; Owner: postgres
--

CREATE TABLE public.auth_user_groups (
    id bigint NOT NULL,
    user_id integer NOT NULL,
    group_id integer NOT NULL
);


ALTER TABLE public.auth_user_groups OWNER TO postgres;

--
-- TOC entry 212 (class 1259 OID 17672)
-- Name: auth_user_groups_id_seq; Type: SEQUENCE; Schema: public; Owner: postgres
--

ALTER TABLE public.auth_user_groups ALTER COLUMN id ADD GENERATED BY DEFAULT AS IDENTITY (
    SEQUENCE NAME public.auth_user_groups_id_seq
    START WITH 1
    INCREMENT BY 1
    NO MINVALUE
    NO MAXVALUE
    CACHE 1
);


--
-- TOC entry 210 (class 1259 OID 17663)
-- Name: auth_user_id_seq; Type: SEQUENCE; Schema: public; Owner: postgres
--

ALTER TABLE public.auth_user ALTER COLUMN id ADD GENERATED BY DEFAULT AS IDENTITY (
    SEQUENCE NAME public.auth_user_id_seq
    START WITH 1
    INCREMENT BY 1
    NO MINVALUE
    NO MAXVALUE
    CACHE 1
);


--
-- TOC entry 215 (class 1259 OID 17681)
-- Name: auth_user_user_permissions; Type: TABLE; Schema: public; Owner: postgres
--

CREATE TABLE public.auth_user_user_permissions (
    id bigint NOT NULL,
    user_id integer NOT NULL,
    permission_id integer NOT NULL
);


ALTER TABLE public.auth_user_user_permissions OWNER TO postgres;

--
-- TOC entry 214 (class 1259 OID 17679)
-- Name: auth_user_user_permissions_id_seq; Type: SEQUENCE; Schema: public; Owner: postgres
--

ALTER TABLE public.auth_user_user_permissions ALTER COLUMN id ADD GENERATED BY DEFAULT AS IDENTITY (
    SEQUENCE NAME public.auth_user_user_permissions_id_seq
    START WITH 1
    INCREMENT BY 1
    NO MINVALUE
    NO MAXVALUE
    CACHE 1
);


--
-- TOC entry 217 (class 1259 OID 17740)
-- Name: django_admin_log; Type: TABLE; Schema: public; Owner: postgres
--

CREATE TABLE public.django_admin_log (
    id integer NOT NULL,
    action_time timestamp with time zone NOT NULL,
    object_id text,
    object_repr character varying(200) NOT NULL,
    action_flag smallint NOT NULL,
    change_message text NOT NULL,
    content_type_id integer,
    user_id integer NOT NULL,
    CONSTRAINT django_admin_log_action_flag_check CHECK ((action_flag >= 0))
);


ALTER TABLE public.django_admin_log OWNER TO postgres;

--
-- TOC entry 216 (class 1259 OID 17738)
-- Name: django_admin_log_id_seq; Type: SEQUENCE; Schema: public; Owner: postgres
--

ALTER TABLE public.django_admin_log ALTER COLUMN id ADD GENERATED BY DEFAULT AS IDENTITY (
    SEQUENCE NAME public.django_admin_log_id_seq
    START WITH 1
    INCREMENT BY 1
    NO MINVALUE
    NO MAXVALUE
    CACHE 1
);


--
-- TOC entry 203 (class 1259 OID 17633)
-- Name: django_content_type; Type: TABLE; Schema: public; Owner: postgres
--

CREATE TABLE public.django_content_type (
    id integer NOT NULL,
    app_label character varying(100) NOT NULL,
    model character varying(100) NOT NULL
);


ALTER TABLE public.django_content_type OWNER TO postgres;

--
-- TOC entry 202 (class 1259 OID 17631)
-- Name: django_content_type_id_seq; Type: SEQUENCE; Schema: public; Owner: postgres
--

ALTER TABLE public.django_content_type ALTER COLUMN id ADD GENERATED BY DEFAULT AS IDENTITY (
    SEQUENCE NAME public.django_content_type_id_seq
    START WITH 1
    INCREMENT BY 1
    NO MINVALUE
    NO MAXVALUE
    CACHE 1
);


--
-- TOC entry 201 (class 1259 OID 17623)
-- Name: django_migrations; Type: TABLE; Schema: public; Owner: postgres
--

CREATE TABLE public.django_migrations (
    id bigint NOT NULL,
    app character varying(255) NOT NULL,
    name character varying(255) NOT NULL,
    applied timestamp with time zone NOT NULL
);


ALTER TABLE public.django_migrations OWNER TO postgres;

--
-- TOC entry 200 (class 1259 OID 17621)
-- Name: django_migrations_id_seq; Type: SEQUENCE; Schema: public; Owner: postgres
--

ALTER TABLE public.django_migrations ALTER COLUMN id ADD GENERATED BY DEFAULT AS IDENTITY (
    SEQUENCE NAME public.django_migrations_id_seq
    START WITH 1
    INCREMENT BY 1
    NO MINVALUE
    NO MAXVALUE
    CACHE 1
);


--
-- TOC entry 218 (class 1259 OID 17970)
-- Name: django_session; Type: TABLE; Schema: public; Owner: postgres
--

CREATE TABLE public.django_session (
    session_key character varying(40) NOT NULL,
    session_data text NOT NULL,
    expire_date timestamp with time zone NOT NULL
);


ALTER TABLE public.django_session OWNER TO postgres;

--
-- TOC entry 224 (class 1259 OID 18017)
-- Name: django_site; Type: TABLE; Schema: public; Owner: postgres
--

CREATE TABLE public.django_site (
    id integer NOT NULL,
    domain character varying(100) NOT NULL,
    name character varying(50) NOT NULL
);


ALTER TABLE public.django_site OWNER TO postgres;

--
-- TOC entry 223 (class 1259 OID 18015)
-- Name: django_site_id_seq; Type: SEQUENCE; Schema: public; Owner: postgres
--

ALTER TABLE public.django_site ALTER COLUMN id ADD GENERATED BY DEFAULT AS IDENTITY (
    SEQUENCE NAME public.django_site_id_seq
    START WITH 1
    INCREMENT BY 1
    NO MINVALUE
    NO MAXVALUE
    CACHE 1
);


--
-- TOC entry 234 (class 1259 OID 55555)
-- Name: oauth_project_equipo; Type: TABLE; Schema: public; Owner: postgres
--

CREATE TABLE public.oauth_project_equipo (
    id bigint NOT NULL,
    capacidad integer NOT NULL,
    proyecto_id bigint NOT NULL
);


ALTER TABLE public.oauth_project_equipo OWNER TO postgres;

--
-- TOC entry 233 (class 1259 OID 55553)
-- Name: oauth_project_equipo_id_seq; Type: SEQUENCE; Schema: public; Owner: postgres
--

ALTER TABLE public.oauth_project_equipo ALTER COLUMN id ADD GENERATED BY DEFAULT AS IDENTITY (
    SEQUENCE NAME public.oauth_project_equipo_id_seq
    START WITH 1
    INCREMENT BY 1
    NO MINVALUE
    NO MAXVALUE
    CACHE 1
);


--
-- TOC entry 236 (class 1259 OID 55562)
-- Name: oauth_project_estado; Type: TABLE; Schema: public; Owner: postgres
--

CREATE TABLE public.oauth_project_estado (
    id bigint NOT NULL,
    descripcion text NOT NULL
);


ALTER TABLE public.oauth_project_estado OWNER TO postgres;

--
-- TOC entry 235 (class 1259 OID 55560)
-- Name: oauth_project_estado_id_seq; Type: SEQUENCE; Schema: public; Owner: postgres
--

ALTER TABLE public.oauth_project_estado ALTER COLUMN id ADD GENERATED BY DEFAULT AS IDENTITY (
    SEQUENCE NAME public.oauth_project_estado_id_seq
    START WITH 1
    INCREMENT BY 1
    NO MINVALUE
    NO MAXVALUE
    CACHE 1
);


--
-- TOC entry 256 (class 1259 OID 55655)
-- Name: oauth_project_integrante; Type: TABLE; Schema: public; Owner: postgres
--

CREATE TABLE public.oauth_project_integrante (
    id bigint NOT NULL,
    cant_horas_dias integer NOT NULL,
    equipo_id bigint NOT NULL,
    integrante_id integer NOT NULL
);


ALTER TABLE public.oauth_project_integrante OWNER TO postgres;

--
-- TOC entry 255 (class 1259 OID 55653)
-- Name: oauth_project_integrante_id_seq; Type: SEQUENCE; Schema: public; Owner: postgres
--

ALTER TABLE public.oauth_project_integrante ALTER COLUMN id ADD GENERATED BY DEFAULT AS IDENTITY (
    SEQUENCE NAME public.oauth_project_integrante_id_seq
    START WITH 1
    INCREMENT BY 1
    NO MINVALUE
    NO MAXVALUE
    CACHE 1
);


--
-- TOC entry 254 (class 1259 OID 55648)
-- Name: oauth_project_miembro; Type: TABLE; Schema: public; Owner: postgres
--

CREATE TABLE public.oauth_project_miembro (
    id bigint NOT NULL,
    rol_id bigint NOT NULL,
    user_id integer NOT NULL
);


ALTER TABLE public.oauth_project_miembro OWNER TO postgres;

--
-- TOC entry 253 (class 1259 OID 55646)
-- Name: oauth_project_miembro_id_seq; Type: SEQUENCE; Schema: public; Owner: postgres
--

ALTER TABLE public.oauth_project_miembro ALTER COLUMN id ADD GENERATED BY DEFAULT AS IDENTITY (
    SEQUENCE NAME public.oauth_project_miembro_id_seq
    START WITH 1
    INCREMENT BY 1
    NO MINVALUE
    NO MAXVALUE
    CACHE 1
);


--
-- TOC entry 238 (class 1259 OID 55572)
-- Name: oauth_project_permiso; Type: TABLE; Schema: public; Owner: postgres
--

CREATE TABLE public.oauth_project_permiso (
    id bigint NOT NULL,
    descripcion text NOT NULL
);


ALTER TABLE public.oauth_project_permiso OWNER TO postgres;

--
-- TOC entry 237 (class 1259 OID 55570)
-- Name: oauth_project_permiso_id_seq; Type: SEQUENCE; Schema: public; Owner: postgres
--

ALTER TABLE public.oauth_project_permiso ALTER COLUMN id ADD GENERATED BY DEFAULT AS IDENTITY (
    SEQUENCE NAME public.oauth_project_permiso_id_seq
    START WITH 1
    INCREMENT BY 1
    NO MINVALUE
    NO MAXVALUE
    CACHE 1
);


--
-- TOC entry 252 (class 1259 OID 55641)
-- Name: oauth_project_permisorol; Type: TABLE; Schema: public; Owner: postgres
--

CREATE TABLE public.oauth_project_permisorol (
    id bigint NOT NULL,
    permiso_id bigint NOT NULL,
    rol_id bigint NOT NULL
);


ALTER TABLE public.oauth_project_permisorol OWNER TO postgres;

--
-- TOC entry 251 (class 1259 OID 55639)
-- Name: oauth_project_permisorol_id_seq; Type: SEQUENCE; Schema: public; Owner: postgres
--

ALTER TABLE public.oauth_project_permisorol ALTER COLUMN id ADD GENERATED BY DEFAULT AS IDENTITY (
    SEQUENCE NAME public.oauth_project_permisorol_id_seq
    START WITH 1
    INCREMENT BY 1
    NO MINVALUE
    NO MAXVALUE
    CACHE 1
);


--
-- TOC entry 250 (class 1259 OID 55632)
-- Name: oauth_project_profile; Type: TABLE; Schema: public; Owner: postgres
--

CREATE TABLE public.oauth_project_profile (
    id bigint NOT NULL,
    user_id integer
);


ALTER TABLE public.oauth_project_profile OWNER TO postgres;

--
-- TOC entry 249 (class 1259 OID 55630)
-- Name: oauth_project_profile_id_seq; Type: SEQUENCE; Schema: public; Owner: postgres
--

ALTER TABLE public.oauth_project_profile ALTER COLUMN id ADD GENERATED BY DEFAULT AS IDENTITY (
    SEQUENCE NAME public.oauth_project_profile_id_seq
    START WITH 1
    INCREMENT BY 1
    NO MINVALUE
    NO MAXVALUE
    CACHE 1
);


--
-- TOC entry 240 (class 1259 OID 55582)
-- Name: oauth_project_proyecto; Type: TABLE; Schema: public; Owner: postgres
--

CREATE TABLE public.oauth_project_proyecto (
    id bigint NOT NULL,
    nombre_proyecto text NOT NULL,
    descripcion text NOT NULL,
    fecha_inicio date,
    fecha_fin date,
    creado_by integer NOT NULL,
    tipos_storys jsonb,
    estado_id bigint NOT NULL,
    scrum_master_id integer NOT NULL
);


ALTER TABLE public.oauth_project_proyecto OWNER TO postgres;

--
-- TOC entry 239 (class 1259 OID 55580)
-- Name: oauth_project_proyecto_id_seq; Type: SEQUENCE; Schema: public; Owner: postgres
--

ALTER TABLE public.oauth_project_proyecto ALTER COLUMN id ADD GENERATED BY DEFAULT AS IDENTITY (
    SEQUENCE NAME public.oauth_project_proyecto_id_seq
    START WITH 1
    INCREMENT BY 1
    NO MINVALUE
    NO MAXVALUE
    CACHE 1
);


--
-- TOC entry 248 (class 1259 OID 55622)
-- Name: oauth_project_rolproyecto; Type: TABLE; Schema: public; Owner: postgres
--

CREATE TABLE public.oauth_project_rolproyecto (
    id bigint NOT NULL,
    descripcion text NOT NULL,
    proyecto_id bigint NOT NULL
);


ALTER TABLE public.oauth_project_rolproyecto OWNER TO postgres;

--
-- TOC entry 247 (class 1259 OID 55620)
-- Name: oauth_project_rolproyecto_id_seq; Type: SEQUENCE; Schema: public; Owner: postgres
--

ALTER TABLE public.oauth_project_rolproyecto ALTER COLUMN id ADD GENERATED BY DEFAULT AS IDENTITY (
    SEQUENCE NAME public.oauth_project_rolproyecto_id_seq
    START WITH 1
    INCREMENT BY 1
    NO MINVALUE
    NO MAXVALUE
    CACHE 1
);


--
-- TOC entry 242 (class 1259 OID 55592)
-- Name: oauth_project_sprint; Type: TABLE; Schema: public; Owner: postgres
--

CREATE TABLE public.oauth_project_sprint (
    id bigint NOT NULL,
    descripcion text NOT NULL,
    equipo jsonb NOT NULL,
    nro_sprint integer NOT NULL,
    objetivo text NOT NULL,
    fecha_inicio date,
    cant_dias_duracion integer NOT NULL,
    fecha_fin date,
    carga_horas_sprint_total integer,
    carga_horas_diarias_equipo integer,
    tipos_storys jsonb NOT NULL,
    estado_id bigint NOT NULL,
    proyecto_id bigint NOT NULL,
    json_informe_historico_finalizacion jsonb
);


ALTER TABLE public.oauth_project_sprint OWNER TO postgres;

--
-- TOC entry 241 (class 1259 OID 55590)
-- Name: oauth_project_sprint_id_seq; Type: SEQUENCE; Schema: public; Owner: postgres
--

ALTER TABLE public.oauth_project_sprint ALTER COLUMN id ADD GENERATED BY DEFAULT AS IDENTITY (
    SEQUENCE NAME public.oauth_project_sprint_id_seq
    START WITH 1
    INCREMENT BY 1
    NO MINVALUE
    NO MAXVALUE
    CACHE 1
);


--
-- TOC entry 244 (class 1259 OID 55602)
-- Name: oauth_project_tipouserstory; Type: TABLE; Schema: public; Owner: postgres
--

CREATE TABLE public.oauth_project_tipouserstory (
    id bigint NOT NULL,
    descripcion text NOT NULL,
    en_uso boolean NOT NULL,
    estados jsonb NOT NULL
);


ALTER TABLE public.oauth_project_tipouserstory OWNER TO postgres;

--
-- TOC entry 243 (class 1259 OID 55600)
-- Name: oauth_project_tipouserstory_id_seq; Type: SEQUENCE; Schema: public; Owner: postgres
--

ALTER TABLE public.oauth_project_tipouserstory ALTER COLUMN id ADD GENERATED BY DEFAULT AS IDENTITY (
    SEQUENCE NAME public.oauth_project_tipouserstory_id_seq
    START WITH 1
    INCREMENT BY 1
    NO MINVALUE
    NO MAXVALUE
    CACHE 1
);


--
-- TOC entry 246 (class 1259 OID 55612)
-- Name: oauth_project_userstory; Type: TABLE; Schema: public; Owner: postgres
--

CREATE TABLE public.oauth_project_userstory (
    id bigint NOT NULL,
    descripcion text NOT NULL,
    detalles text NOT NULL,
    user_point smallint NOT NULL,
    business_value smallint NOT NULL,
    estado text NOT NULL,
    estimacion_horas integer NOT NULL,
    eventos jsonb NOT NULL,
    cancelado boolean NOT NULL,
    proyecto_id bigint NOT NULL,
    sprint_asoc_id bigint,
    tipo_user_story_id bigint NOT NULL,
    usuario_asignado_id integer,
    finalizado boolean NOT NULL,
    estimacion_horas_inicial integer NOT NULL
);


ALTER TABLE public.oauth_project_userstory OWNER TO postgres;

--
-- TOC entry 245 (class 1259 OID 55610)
-- Name: oauth_project_userstory_id_seq; Type: SEQUENCE; Schema: public; Owner: postgres
--

ALTER TABLE public.oauth_project_userstory ALTER COLUMN id ADD GENERATED BY DEFAULT AS IDENTITY (
    SEQUENCE NAME public.oauth_project_userstory_id_seq
    START WITH 1
    INCREMENT BY 1
    NO MINVALUE
    NO MAXVALUE
    CACHE 1
);


--
-- TOC entry 226 (class 1259 OID 18027)
-- Name: socialaccount_socialaccount; Type: TABLE; Schema: public; Owner: postgres
--

CREATE TABLE public.socialaccount_socialaccount (
    id integer NOT NULL,
    provider character varying(30) NOT NULL,
    uid character varying(191) NOT NULL,
    last_login timestamp with time zone NOT NULL,
    date_joined timestamp with time zone NOT NULL,
    extra_data text NOT NULL,
    user_id integer NOT NULL
);


ALTER TABLE public.socialaccount_socialaccount OWNER TO postgres;

--
-- TOC entry 225 (class 1259 OID 18025)
-- Name: socialaccount_socialaccount_id_seq; Type: SEQUENCE; Schema: public; Owner: postgres
--

ALTER TABLE public.socialaccount_socialaccount ALTER COLUMN id ADD GENERATED BY DEFAULT AS IDENTITY (
    SEQUENCE NAME public.socialaccount_socialaccount_id_seq
    START WITH 1
    INCREMENT BY 1
    NO MINVALUE
    NO MAXVALUE
    CACHE 1
);


--
-- TOC entry 228 (class 1259 OID 18037)
-- Name: socialaccount_socialapp; Type: TABLE; Schema: public; Owner: postgres
--

CREATE TABLE public.socialaccount_socialapp (
    id integer NOT NULL,
    provider character varying(30) NOT NULL,
    name character varying(40) NOT NULL,
    client_id character varying(191) NOT NULL,
    secret character varying(191) NOT NULL,
    key character varying(191) NOT NULL
);


ALTER TABLE public.socialaccount_socialapp OWNER TO postgres;

--
-- TOC entry 227 (class 1259 OID 18035)
-- Name: socialaccount_socialapp_id_seq; Type: SEQUENCE; Schema: public; Owner: postgres
--

ALTER TABLE public.socialaccount_socialapp ALTER COLUMN id ADD GENERATED BY DEFAULT AS IDENTITY (
    SEQUENCE NAME public.socialaccount_socialapp_id_seq
    START WITH 1
    INCREMENT BY 1
    NO MINVALUE
    NO MAXVALUE
    CACHE 1
);


--
-- TOC entry 230 (class 1259 OID 18044)
-- Name: socialaccount_socialapp_sites; Type: TABLE; Schema: public; Owner: postgres
--

CREATE TABLE public.socialaccount_socialapp_sites (
    id bigint NOT NULL,
    socialapp_id integer NOT NULL,
    site_id integer NOT NULL
);


ALTER TABLE public.socialaccount_socialapp_sites OWNER TO postgres;

--
-- TOC entry 229 (class 1259 OID 18042)
-- Name: socialaccount_socialapp_sites_id_seq; Type: SEQUENCE; Schema: public; Owner: postgres
--

ALTER TABLE public.socialaccount_socialapp_sites ALTER COLUMN id ADD GENERATED BY DEFAULT AS IDENTITY (
    SEQUENCE NAME public.socialaccount_socialapp_sites_id_seq
    START WITH 1
    INCREMENT BY 1
    NO MINVALUE
    NO MAXVALUE
    CACHE 1
);


--
-- TOC entry 232 (class 1259 OID 18051)
-- Name: socialaccount_socialtoken; Type: TABLE; Schema: public; Owner: postgres
--

CREATE TABLE public.socialaccount_socialtoken (
    id integer NOT NULL,
    token text NOT NULL,
    token_secret text NOT NULL,
    expires_at timestamp with time zone,
    account_id integer NOT NULL,
    app_id integer NOT NULL
);


ALTER TABLE public.socialaccount_socialtoken OWNER TO postgres;

--
-- TOC entry 231 (class 1259 OID 18049)
-- Name: socialaccount_socialtoken_id_seq; Type: SEQUENCE; Schema: public; Owner: postgres
--

ALTER TABLE public.socialaccount_socialtoken ALTER COLUMN id ADD GENERATED BY DEFAULT AS IDENTITY (
    SEQUENCE NAME public.socialaccount_socialtoken_id_seq
    START WITH 1
    INCREMENT BY 1
    NO MINVALUE
    NO MAXVALUE
    CACHE 1
);


--
-- TOC entry 3382 (class 0 OID 17982)
-- Dependencies: 220
-- Data for Name: account_emailaddress; Type: TABLE DATA; Schema: public; Owner: postgres
--

COPY public.account_emailaddress (id, email, verified, "primary", user_id) FROM stdin;
\.


--
-- TOC entry 3384 (class 0 OID 17991)
-- Dependencies: 222
-- Data for Name: account_emailconfirmation; Type: TABLE DATA; Schema: public; Owner: postgres
--

COPY public.account_emailconfirmation (id, created, sent, key, email_address_id) FROM stdin;
\.


--
-- TOC entry 3369 (class 0 OID 17649)
-- Dependencies: 207
-- Data for Name: auth_group; Type: TABLE DATA; Schema: public; Owner: postgres
--

COPY public.auth_group (id, name) FROM stdin;
\.


--
-- TOC entry 3371 (class 0 OID 17658)
-- Dependencies: 209
-- Data for Name: auth_group_permissions; Type: TABLE DATA; Schema: public; Owner: postgres
--

COPY public.auth_group_permissions (id, group_id, permission_id) FROM stdin;
\.


--
-- TOC entry 3367 (class 0 OID 17642)
-- Dependencies: 205
-- Data for Name: auth_permission; Type: TABLE DATA; Schema: public; Owner: postgres
--

COPY public.auth_permission (id, name, content_type_id, codename) FROM stdin;
1	Can add log entry	1	add_logentry
2	Can change log entry	1	change_logentry
3	Can delete log entry	1	delete_logentry
4	Can view log entry	1	view_logentry
5	Can add permission	2	add_permission
6	Can change permission	2	change_permission
7	Can delete permission	2	delete_permission
8	Can view permission	2	view_permission
9	Can add group	3	add_group
10	Can change group	3	change_group
11	Can delete group	3	delete_group
12	Can view group	3	view_group
13	Can add user	4	add_user
14	Can change user	4	change_user
15	Can delete user	4	delete_user
16	Can view user	4	view_user
17	Can add content type	5	add_contenttype
18	Can change content type	5	change_contenttype
19	Can delete content type	5	delete_contenttype
20	Can view content type	5	view_contenttype
21	Can add session	6	add_session
22	Can change session	6	change_session
23	Can delete session	6	delete_session
24	Can view session	6	view_session
25	Can add equipo	7	add_equipo
26	Can change equipo	7	change_equipo
27	Can delete equipo	7	delete_equipo
28	Can view equipo	7	view_equipo
29	Can add estado	8	add_estado
30	Can change estado	8	change_estado
31	Can delete estado	8	delete_estado
32	Can view estado	8	view_estado
33	Can add estado user story	9	add_estadouserstory
34	Can change estado user story	9	change_estadouserstory
35	Can delete estado user story	9	delete_estadouserstory
36	Can view estado user story	9	view_estadouserstory
37	Can add permiso	10	add_permiso
38	Can change permiso	10	change_permiso
39	Can delete permiso	10	delete_permiso
40	Can view permiso	10	view_permiso
41	Can add proyecto	11	add_proyecto
42	Can change proyecto	11	change_proyecto
43	Can delete proyecto	11	delete_proyecto
44	Can view proyecto	11	view_proyecto
45	Can add tipo user story	12	add_tipouserstory
46	Can change tipo user story	12	change_tipouserstory
47	Can delete tipo user story	12	delete_tipouserstory
48	Can view tipo user story	12	view_tipouserstory
49	Can add tipo historias proyectos	13	add_tipohistoriasproyectos
50	Can change tipo historias proyectos	13	change_tipohistoriasproyectos
51	Can delete tipo historias proyectos	13	delete_tipohistoriasproyectos
52	Can view tipo historias proyectos	13	view_tipohistoriasproyectos
53	Can add roles por proyecto	14	add_rolesporproyecto
54	Can change roles por proyecto	14	change_rolesporproyecto
55	Can delete roles por proyecto	14	delete_rolesporproyecto
56	Can view roles por proyecto	14	view_rolesporproyecto
57	Can add roles asumidos proyectos usuarios	15	add_rolesasumidosproyectosusuarios
58	Can change roles asumidos proyectos usuarios	15	change_rolesasumidosproyectosusuarios
59	Can delete roles asumidos proyectos usuarios	15	delete_rolesasumidosproyectosusuarios
60	Can view roles asumidos proyectos usuarios	15	view_rolesasumidosproyectosusuarios
61	Can add profile	16	add_profile
62	Can change profile	16	change_profile
63	Can delete profile	16	delete_profile
64	Can view profile	16	view_profile
65	Can add permiso por rol	17	add_permisoporrol
66	Can change permiso por rol	17	change_permisoporrol
67	Can delete permiso por rol	17	delete_permisoporrol
68	Can view permiso por rol	17	view_permisoporrol
69	Can add integrantes equipo	18	add_integrantesequipo
70	Can change integrantes equipo	18	change_integrantesequipo
71	Can delete integrantes equipo	18	delete_integrantesequipo
72	Can view integrantes equipo	18	view_integrantesequipo
73	Can add estados tipo user story	19	add_estadostipouserstory
74	Can change estados tipo user story	19	change_estadostipouserstory
75	Can delete estados tipo user story	19	delete_estadostipouserstory
76	Can view estados tipo user story	19	view_estadostipouserstory
77	Can add site	20	add_site
78	Can change site	20	change_site
79	Can delete site	20	delete_site
80	Can view site	20	view_site
81	Can add email address	21	add_emailaddress
82	Can change email address	21	change_emailaddress
83	Can delete email address	21	delete_emailaddress
84	Can view email address	21	view_emailaddress
85	Can add email confirmation	22	add_emailconfirmation
86	Can change email confirmation	22	change_emailconfirmation
87	Can delete email confirmation	22	delete_emailconfirmation
88	Can view email confirmation	22	view_emailconfirmation
89	Can add social account	23	add_socialaccount
90	Can change social account	23	change_socialaccount
91	Can delete social account	23	delete_socialaccount
92	Can view social account	23	view_socialaccount
93	Can add social application	24	add_socialapp
94	Can change social application	24	change_socialapp
95	Can delete social application	24	delete_socialapp
96	Can view social application	24	view_socialapp
97	Can add social application token	25	add_socialtoken
98	Can change social application token	25	change_socialtoken
99	Can delete social application token	25	delete_socialtoken
100	Can view social application token	25	view_socialtoken
101	Can add tipo historias sprint	26	add_tipohistoriassprint
102	Can change tipo historias sprint	26	change_tipohistoriassprint
103	Can delete tipo historias sprint	26	delete_tipohistoriassprint
104	Can view tipo historias sprint	26	view_tipohistoriassprint
105	Can add sprint	27	add_sprint
106	Can change sprint	27	change_sprint
107	Can delete sprint	27	delete_sprint
108	Can view sprint	27	view_sprint
109	Can add miembro proyecto	15	add_miembroproyecto
110	Can change miembro proyecto	15	change_miembroproyecto
111	Can delete miembro proyecto	15	delete_miembroproyecto
112	Can view miembro proyecto	15	view_miembroproyecto
113	Can add miembro proyecto	28	add_miembroproyecto
114	Can change miembro proyecto	28	change_miembroproyecto
115	Can delete miembro proyecto	28	delete_miembroproyecto
116	Can view miembro proyecto	28	view_miembroproyecto
117	Can add miembro	29	add_miembro
118	Can change miembro	29	change_miembro
119	Can delete miembro	29	delete_miembro
120	Can view miembro	29	view_miembro
121	Can add rol proyecto	30	add_rolproyecto
122	Can change rol proyecto	30	change_rolproyecto
123	Can delete rol proyecto	30	delete_rolproyecto
124	Can view rol proyecto	30	view_rolproyecto
125	Can add tipo historia p	31	add_tipohistoriap
126	Can change tipo historia p	31	change_tipohistoriap
127	Can delete tipo historia p	31	delete_tipohistoriap
128	Can view tipo historia p	31	view_tipohistoriap
129	Can add integrante	32	add_integrante
130	Can change integrante	32	change_integrante
131	Can delete integrante	32	delete_integrante
132	Can view integrante	32	view_integrante
133	Can add permiso rol	33	add_permisorol
134	Can change permiso rol	33	change_permisorol
135	Can delete permiso rol	33	delete_permisorol
136	Can view permiso rol	33	view_permisorol
137	Can add tipo historias sp	34	add_tipohistoriassp
138	Can change tipo historias sp	34	change_tipohistoriassp
139	Can delete tipo historias sp	34	delete_tipohistoriassp
140	Can view tipo historias sp	34	view_tipohistoriassp
141	Can add user story	35	add_userstory
142	Can change user story	35	change_userstory
143	Can delete user story	35	delete_userstory
144	Can view user story	35	view_userstory
\.


--
-- TOC entry 3373 (class 0 OID 17665)
-- Dependencies: 211
-- Data for Name: auth_user; Type: TABLE DATA; Schema: public; Owner: postgres
--

COPY public.auth_user (id, password, last_login, is_superuser, username, first_name, last_name, email, is_staff, is_active, date_joined) FROM stdin;
39	pbkdf2_sha256$390000$6N2eJITde6CcWESgKNB6ui$iWOsxGlbzwg1mrzdMPlMuEYf1ecSfh/FwBWxPpzBk1g=	2022-11-04 15:20:14.285155-03	f	pedro_developer	Pedro	Developer	pedro_developer@gmail.com	f	t	2022-10-23 22:30:18.057611-03
37	pbkdf2_sha256$390000$9uLX650YFtLA5ekl4GUAT7$kt08baYmd1EkUuHB6vYYaTATHL+bJ8Z1xy2oUY36UBE=	2022-11-04 15:22:00.09688-03	f	pablo_scrum_master	Pablo	Scrum Master	pablo_scrum_master@gmail.com	f	t	2022-10-23 22:28:09.524241-03
38	pbkdf2_sha256$390000$pULn1L0jw7C5WKcFRF9Aip$thFYzbFbw1TmgYravbHe3CfeCfeTBng0dQbCTe750zg=	2022-10-24 00:24:19.447318-03	f	carlos_product_owner	Carlos	Product Owner	carlos_product_owner@gmail.com	f	t	2022-10-23 22:29:30.936103-03
36	pbkdf2_sha256$390000$8hA4tjWOhoPjRmmNb7a4lS$DCnSaqR7FGgn/59l7MsHi6Vgis9/KZ6lGGiX5KHZhHE=	2022-10-24 15:10:45.123816-03	f	juan_creador	Juan	Creador	juan_creador@gmail.com	t	t	2022-10-23 22:25:29.435551-03
41	pbkdf2_sha256$390000$9mlRsYjRzLoYM9HIDQTYdN$aUApVyHHivJwOQP3rsdSCE4o+/SSADYbKt1gONYsNrU=	2022-10-24 15:27:41.722658-03	f	flor_developer	Florencia	Developer	flor_developer@gmail.com	f	t	2022-10-23 23:08:41.508758-03
40	pbkdf2_sha256$390000$TUMyN308EfxAulSse5TgGf$jpIVOaRS1GqXjpM2ojP0objzxKduXeUkJpsfsk2iwdc=	2022-10-24 15:31:30.222198-03	f	lucas_observador	Lucas	Observador	lucas_observador@gmail.com	f	t	2022-10-23 22:31:10.006045-03
\.


--
-- TOC entry 3375 (class 0 OID 17674)
-- Dependencies: 213
-- Data for Name: auth_user_groups; Type: TABLE DATA; Schema: public; Owner: postgres
--

COPY public.auth_user_groups (id, user_id, group_id) FROM stdin;
\.


--
-- TOC entry 3377 (class 0 OID 17681)
-- Dependencies: 215
-- Data for Name: auth_user_user_permissions; Type: TABLE DATA; Schema: public; Owner: postgres
--

COPY public.auth_user_user_permissions (id, user_id, permission_id) FROM stdin;
\.


--
-- TOC entry 3379 (class 0 OID 17740)
-- Dependencies: 217
-- Data for Name: django_admin_log; Type: TABLE DATA; Schema: public; Owner: postgres
--

COPY public.django_admin_log (id, action_time, object_id, object_repr, action_flag, change_message, content_type_id, user_id) FROM stdin;
\.


--
-- TOC entry 3365 (class 0 OID 17633)
-- Dependencies: 203
-- Data for Name: django_content_type; Type: TABLE DATA; Schema: public; Owner: postgres
--

COPY public.django_content_type (id, app_label, model) FROM stdin;
1	admin	logentry
2	auth	permission
3	auth	group
4	auth	user
5	contenttypes	contenttype
6	sessions	session
7	oauth_project	equipo
8	oauth_project	estado
9	oauth_project	estadouserstory
10	oauth_project	permiso
11	oauth_project	proyecto
12	oauth_project	tipouserstory
13	oauth_project	tipohistoriasproyectos
14	oauth_project	rolesporproyecto
16	oauth_project	profile
17	oauth_project	permisoporrol
18	oauth_project	integrantesequipo
19	oauth_project	estadostipouserstory
20	sites	site
21	account	emailaddress
22	account	emailconfirmation
23	socialaccount	socialaccount
24	socialaccount	socialapp
25	socialaccount	socialtoken
26	oauth_project	tipohistoriassprint
27	oauth_project	sprint
15	oauth_project	rolesasumidosproyectosusuarios
28	oauth_project	miembroproyecto
29	oauth_project	miembro
30	oauth_project	rolproyecto
31	oauth_project	tipohistoriap
32	oauth_project	integrante
33	oauth_project	permisorol
34	oauth_project	tipohistoriassp
35	oauth_project	userstory
\.


--
-- TOC entry 3363 (class 0 OID 17623)
-- Dependencies: 201
-- Data for Name: django_migrations; Type: TABLE DATA; Schema: public; Owner: postgres
--

COPY public.django_migrations (id, app, name, applied) FROM stdin;
1	contenttypes	0001_initial	2022-09-15 19:57:34.951232-04
2	auth	0001_initial	2022-09-15 19:57:34.976241-04
3	admin	0001_initial	2022-09-15 19:57:34.98441-04
4	admin	0002_logentry_remove_auto_add	2022-09-15 19:57:34.988161-04
5	admin	0003_logentry_add_action_flag_choices	2022-09-15 19:57:34.992301-04
6	contenttypes	0002_remove_content_type_name	2022-09-15 19:57:34.999111-04
7	auth	0002_alter_permission_name_max_length	2022-09-15 19:57:35.002988-04
8	auth	0003_alter_user_email_max_length	2022-09-15 19:57:35.007758-04
9	auth	0004_alter_user_username_opts	2022-09-15 19:57:35.012495-04
10	auth	0005_alter_user_last_login_null	2022-09-15 19:57:35.017161-04
11	auth	0006_require_contenttypes_0002	2022-09-15 19:57:35.018283-04
12	auth	0007_alter_validators_add_error_messages	2022-09-15 19:57:35.022682-04
13	auth	0008_alter_user_username_max_length	2022-09-15 19:57:35.02995-04
14	auth	0009_alter_user_last_name_max_length	2022-09-15 19:57:35.034457-04
15	auth	0010_alter_group_name_max_length	2022-09-15 19:57:35.039523-04
16	auth	0011_update_proxy_permissions	2022-09-15 19:57:35.043505-04
17	auth	0012_alter_user_first_name_max_length	2022-09-15 19:57:35.047643-04
19	sessions	0001_initial	2022-09-15 19:57:35.144476-04
20	account	0001_initial	2022-09-15 19:58:29.221815-04
21	account	0002_email_max_length	2022-09-15 19:58:29.22821-04
22	sites	0001_initial	2022-09-15 19:58:29.231157-04
23	sites	0002_alter_domain_unique	2022-09-15 19:58:29.234963-04
24	socialaccount	0001_initial	2022-09-15 19:58:29.274778-04
25	socialaccount	0002_token_max_lengths	2022-09-15 19:58:29.28713-04
26	socialaccount	0003_extra_data_default_dict	2022-09-15 19:58:29.292783-04
59	oauth_project	0001_initial	2022-10-23 22:23:04.598341-03
60	oauth_project	0002_userstory_finalizado	2022-10-23 22:23:04.607427-03
61	oauth_project	0003_userstory_estimacion_horas_inicial	2022-10-23 22:23:04.614893-03
62	oauth_project	0004_sprint_json_informe_historico_finalizacion	2022-10-23 22:23:04.62141-03
63	oauth_project	0005_alter_sprint_json_informe_historico_finalizacion	2022-10-23 22:53:59.183059-03
\.


--
-- TOC entry 3380 (class 0 OID 17970)
-- Dependencies: 218
-- Data for Name: django_session; Type: TABLE DATA; Schema: public; Owner: postgres
--

COPY public.django_session (session_key, session_data, expire_date) FROM stdin;
jeocj8msjeecs53eodn65m22guq6uhdu	.eJxVjDsOwyAQBe9CHSE-S8Ap0-cMaGHBOB8jGbuKcvdgyUXSvpk3b-ZxW4vfWlr8ROzClGan3zFgfKR5J3THeaw81nldpsB3hR-08Vul9Lwe7l-gYCv9jUIbggGHoHVEF0SOFkAQOClDBne2hnJUCFYqRTqRAQEOHRoF2gbTo6829hD7fAEAwTnL:1ocNMW:jY7l8xFGeIJY9ifz002GHPUi_IUnSmyH-5RNMYP8qfA	2022-10-09 05:51:44.607509-03
gopc2n2ap4r9zzeqq7sj94llfvejcoh3	.eJxVjDsOgzAQBe_iOrJsvP6QMj1nQGvvgskHJAxVlLsHSxRJ-2bevEWP-5b7vfDaTySuwoC4_I4R04PnSuiO87jItMzbOkVZFXnSIruF-Hk73b9AxpKPd_DRO28M2NZrMKBRNaSM9U2yAVxjSSfU7BNFxUB2CIA8OIyhZQyhRl9lPELi8wXQ9jnl:1ohfRO:ANTQYFAZdNqQnEopOUpPVkk4ZnYqJDyLgAgAtClLYZ0	2022-10-23 20:10:38.760583-03
i6416axwi4tyt1jcrlesollkki5ls3x0	.eJxVjDsOwjAQBe_iGln-JetQ0nMGa727xgHkSPlUiLtDpBTQvpl5L5VwW2vaFpnTyOqsHKjT75iRHtJ2wndst0nT1NZ5zHpX9EEXfZ1YnpfD_TuouNRvTSBiojcAJboheAECKnmwphMfsXdkObgudi5jsGgz254oei5QgnhW7w8DIDg8:1ocY5Y:3A5qjKLlgNJCvZvgN8mUyAap_kixcHMcgRS9HCZEgN4	2022-10-09 17:18:56.785875-03
vmxrf5g0tim2qumhecllqcrzeft3m3fg	e30:1oZUgH:xbabI0SqEesZ1wDmLBVPwh2JHu7_Mr6ccgzZbUgryco	2022-10-01 06:04:13.469572-04
qjftf25zd0uxagru94pvlpx5hqe3xz7j	e30:1oZUhE:tOez2mzleFKUUUfs6WgQfeq76hgLeSid_kiuUyRBwv8	2022-10-01 06:05:12.659673-04
wd4rpsdvqyr1ulrsb8wg2m1elv5ngdn2	e30:1oZUim:bzDeyiMEFSmkxrDYeF-RdoAEKczknZK7s8jk2H3XlwE	2022-10-01 06:06:48.501512-04
hilmw8qr3cn11crfpicdqh0qiuguz93k	e30:1oZUjy:CrG9vaJPpUNRXk5CNhQup_ES79-4K0yuxemw2h8HioI	2022-10-01 06:08:02.333679-04
tnto1pu9j63lddt2uih9sqwz3v4u9gq9	.eJxVjDsOgzAQBe_iOrKMvcHZlOk5A1rvGkw-toShinL3gESRtG_mzVv1tC6pX2uc-0nUVVmnTr9jIH7EvBO5Ux6L5pKXeQp6V_RBq-6KxOftcP8CiWra3kAeWxONeOQoYACpNc578GS5cTx4ywjSuEgQ2LgAl-EckIkRrQTYoq86biH1-QIBPTpp:1ocKEV:5ZLXe3dVF_n1onpoNzk2xrWdNVK763y9-Hrabov5DZs	2022-10-09 02:31:15.480477-03
8hhrtwimb84xdshrfrftd5hbyu57m16r	.eJxVjDsOgzAQBe_iOrJsvP6QMj1nQGvvgskHJAxVlLsHSxRJ-2bevEWP-5b7vfDaTySuwoC4_I4R04PnSuiO87jItMzbOkVZFXnSIruF-Hk73b9AxpKPd_DRO28M2NZrMKBRNaSM9U2yAVxjSSfU7BNFxUB2CIA8OIyhZQyhRl9lPELi8wXQ9jnl:1omRPY:lBHmq1VsYiLF5HtfTX5umcGTjjqWarFh41pwRIlWkm8	2022-11-06 00:12:28.91893-03
xunff6ycl43s7hc1vth08txfgcwo4nxd	e30:1oZUnP:TbWJMEkgbbm4PUXV9ae4spJ-orVIFR3mu1cmJAdvisU	2022-10-01 06:11:35.546179-04
3nsckf4nvox802thvakflbby921t362b	.eJxVjDkOwyAUBe9CHSG2byBlep8BAR8bZwHJ2FWUuwdLLpL2zbx5E-f3Lbu9pdUtSK5EanL5HYOPj1QOgndf5kpjLdu6BHoo9KSNjhXT83a6f4HsW-5vQJsES8IkAKPBIkcdeORcG8WUZVOQg5BRokBuQQ4TWiUwGGEUaAmxR19t7iHy-QLiOjkx:1ommdr:y4TxBODQ-uZuohfQaq2Qh4wM93GoiXFpjWvLYeYu7lE	2022-11-06 22:52:39.084524-03
q4q1z4vgc67ggc3akqf2el3ozdgejiri	.eJxVjDkOwyAUBe9CHSG2byBlep8BAR8bZwHJ2FWUuwdLLpL2zbx5E-f3Lbu9pdUtSK5EanL5HYOPj1QOgndf5kpjLdu6BHoo9KSNjhXT83a6f4HsW-5vQJsES8IkAKPBIkcdeORcG8WUZVOQg5BRokBuQQ4TWiUwGGEUaAmxR19t7iHy-QLiOjkx:1or1NC:T3C5sT2clrbIqLJdorBcN-Lw-PYVkY6og4KdCcrGtqc	2022-11-18 15:24:58.574625-03
9tz8efz9tn1yq0jnq3nmcjuexu72axgh	.eJxVjMsOgyAQRf-FdUMQEMcuu_cbyAyMYh-QiK6a_ns1cdFu7zn3vIXHbU1-q7z4OYqr0CAuvyNheHA-SLxjnooMJa_LTPJQ5EmrHErk5-10_wIJa9rfzJ1Shh0xtrYJhgBG1Y66J2TdNVY5FcD2xrUM4CgajuiwiUAaDOhuj77qtIfE5wsOLDoU:1ocYFR:HQ2P8zIohG-ilqLFIXks1xEiRuj9zr1xQog98Fhx35c	2022-10-09 17:29:09.702028-03
7hezehs2ia4vz67lb1wrc6oechaozatm	.eJxVjDsOwyAQBe9CHSGB-aZMnzMglmWN88GSsSsrdw-WXCTtm3mzsxC3tYSt5SVMyK5MSnb5HSGmZ64HwUes48zTXNdlAn4o_KSN32fMr9vp_gVKbKW_1TBYLRClQmkNQRaYgLSQpIyH6MlqD0mDImdBobM5WRm9Ie2cIEU9-m5jD7HPFxjSOr0:1ocjnn:11078yEihDM0vO_Q77Ip2stuTcGoaUHUhuWX4fBBf58	2022-10-10 05:49:23.723746-03
5w4qfhom447gngkw8g78up8z1jnrcjm6	.eJxVjDsOwjAQRO_iGln-xD9K-pzB2vXaOIAcKU4qxN1JpBTQTDHvzbxZhG2tcet5iROxK1OGXX5LhPTM7SD0gHafeZrbukzID4WftPNxpvy6ne7fQYVe93VBwpK1yEkONhSzp0Pw5B35oLUVQcGARmoQFqwnR2Cc1CEY9IgK2ecLF_g4EQ:1ocLME:boxOkeEGYproVbzWdPxaDn0tdDH8WB2XTBSlNVCBdhc	2022-10-09 03:43:18.571716-03
to0qy2g8oe4qihnlz9pyd5zdi2pl13xy	.eJxVjUEOwiAURK9CWNsGCbTFhQsTl656gObDh7ZawRRqYox3lyZd6HbezJs37WBJQ7dEO3cj0gPlNd39hhrMzfqV4BV8H0oTfJpHXa6VcqOxvAS002nr_gkGiENeO5Bg9twJy2sAaJRTDKXGRjQCFBfcgml0VQknjGTGMKG5kshRo2OKmyy9xz6LzhMZkeQ34hf7DKR9zKNPOSBtCvOL2EiK4kgU_XwBkFdIOQ:1oeKv6:uHZq52dwHhmb5H5LGygG7c9y6hYmrmwM2KBxkBU2I2Q	2022-10-14 15:39:32.645781-03
5l9ousf7enm5alu6s4blnd16rus7rhw8	.eJxVjEEOwiAQRe_C2pBAgQGX7j0DYRhGqgaS0q6Md9cmXej2v_f-S8S0rTVuoyxxJnEWWovT74gpP0rbCd1Tu3WZe1uXGeWuyIMOee1UnpfD_TuoadRvbaYJrCLShjQ4xqIoI1ul2biAKTDYgNmiYQ9oyEPJoFNwbL1XbFi8PxI0OIg:1ocM4q:IebpQblkqYzzKMUnI2Qkb2Qks33VVZUXpcBztXFS3OY	2022-10-09 04:29:24.050882-03
yyrindbls15dfje2ba4otauf96ujsusz	.eJxVjDsOgzAQBe_iOrJsvP6QMj1nQGvvgskHJAxVlLsHSxRJ-2bevEWP-5b7vfDaTySuwoC4_I4R04PnSuiO87jItMzbOkVZFXnSIruF-Hk73b9AxpKPd_DRO28M2NZrMKBRNaSM9U2yAVxjSSfU7BNFxUB2CIA8OIyhZQyhRl9lPELi8wXQ9jnl:1ohgI4:vpeWN64qXvXz2acZ1VHQ8Ck5E8v1YYRF8Vts6RdbDvs	2022-10-23 21:05:04.224396-03
oj98sc49qrryfbhqq68q6eg3721k6kip	.eJxVjDsOwjAQBe_iGln-e0NJzxmsXXuDA8iR4qRC3B0ipYD2zcx7iYTbWtPWeUlTEWdhnDj9joT5wW0n5Y7tNss8t3WZSO6KPGiX17nw83K4fwcVe_3WzFEpy4EYvdPZEsCo_GgGQjZROxVUBjfY4BkgULFcMKAuQAYsmCjeHwsbN9s:1ocHt1:YVnoeb3L20KYskwo3KeDexbSdmyYDs9PkfAUN85lCsI	2022-10-09 00:00:55.952318-03
oqrevwpmdtpi7k5z7bb1bi48queebqpb	.eJxVjDsOwjAQBe_iGln-rD-hpOcM1tq7wQHkSHFSIe4OkVJA-2bmvUTCba1p67ykicRZWBCn3zFjeXDbCd2x3WZZ5rYuU5a7Ig_a5XUmfl4O9--gYq_fOoYcfLAW3BA0WNCoDCnrgikugjeOdEHNoVBWDOTGCMijxxwHxhhJvD_R8Dew:1ojglR:xc9Lo3jZLAKAYZr8AUW9eAiOrHqapfqqR6519EVHx_8	2022-10-29 09:59:41.138958-03
ia5948kuvehnltv7fjwepw3vg789zb6g	.eJxVjMEOgyAQRP-Fc2NYERFv7Y-QdVkiKcVEoZem_15tvHicNzPvI5Boqbm4N68xRPaOXxiTGHNN6SYc1jK7uvHqohejUCAucEJ6cj4aTOnAzelr_puz3pr7njiXSFjikh_n66KacZt3j50MmuAp9MoTGNAEsrNMfhjAtBgUGD9xFyRgj7qXVk84SNVZJbVV0IrvD8OKR3c:1ocgdH:2dm5Jzth4ODeKKqzZpDkkWNhSazpM0YMZdNbXmFQ8mU	2022-10-10 02:26:19.470193-03
0135umvvwfk5r7lihk9swvii96jte9i9	.eJxVjDsOgzAQBe_iOrJsvP6QMj1nQGvvgskHJAxVlLsHSxRJ-2bevEWP-5b7vfDaTySuwoC4_I4R04PnSuiO87jItMzbOkVZFXnSIruF-Hk73b9AxpKPd_DRO28M2NZrMKBRNaSM9U2yAVxjSSfU7BNFxUB2CIA8OIyhZQyhRl9lPELi8wXQ9jnl:1okUbU:YgKZA3g5rFJyPObAbcVgSKjCiZjaRrekxtHW5FR_9eA	2022-10-31 15:12:44.290205-03
ghn9t3n5j0xmw648xo4cxtnsdmtiiocu	.eJxVjDsOwjAQBe_iGln-rD-hpOcM1tq7wQHkSHFSIe4OkVJA-2bmvUTCba1p67ykicRZWBCn3zFjeXDbCd2x3WZZ5rYuU5a7Ig_a5XUmfl4O9--gYq_fOoYcfLAW3BA0WNCoDCnrgikugjeOdEHNoVBWDOTGCMijxxwHxhhJvD_R8Dew:1okUjL:PE1vrF4PdoDC6ekCS9jVJ5oaqRn-qJPMOqy4vFPcdFQ	2022-10-31 15:20:51.026561-03
bhdgocz4hdldkrloawqudlf6ttbmxk8p	.eJxVjDkOwyAUBe9CHSG2byBlep8BAR8bZwHJ2FWUuwdLLpL2zbx5E-f3Lbu9pdUtSK5EanL5HYOPj1QOgndf5kpjLdu6BHoo9KSNjhXT83a6f4HsW-5vQJsES8IkAKPBIkcdeORcG8WUZVOQg5BRokBuQQ4TWiUwGGEUaAmxR19t7iHy-QLiOjkx:1or0Vj:Vdfh9BQU23PxjT1doxIdkQUkwrMQuMtseQlfEH5jxKE	2022-11-18 14:29:43.976351-03
v547ewofxkwf0sgqe1ujcf69q89iww1y	.eJxVjEEOwiAQRe_C2hBgmAIu3XsGAsxUqoYmpV0Z765NutDtf-_9l4hpW2vcOi9xInEW4MTpd8ypPLjthO6p3WZZ5rYuU5a7Ig_a5XUmfl4O9--gpl6_NVJgo9h4RvQOA2lyWRetnbfKBjVmGAwUIEM6IAwjBWsoe-MtOsAi3h_piDb8:1omo5f:wk7p4GXpt6mYC9pla0stAh0PEtq6Nt00KNpVInMZN_0	2022-11-07 00:25:27.16464-03
ifkimugln94tpvu1zxxmnqefp4z98ebc	.eJxVjtFugzAMRX_FyvOEgCQk3WPf119ATuICGySTA1Klqv--IDqpfbN9ro_uXfS4rWO_ZeJ-CuJTSCU-Xo8O_Q_FnYRvjEOqfIorT67aI9WT5uorBZrPz-ybYMQ8lm9rnOmMlEqfTKOkarBuQy21ab22qmt1aDw2ZHxwNamgr1YhXTt09kRo7S5d8lBEx9ATc-KyXhJkgt-NAgEOTAMybBGWiRbHCeg25ZXiSlB6A80F5CUBp_nw_GvE4w9dtVft:1om9Mg:EaJztaES6GUr2ulVoVorKBC1BDd9FnXpOl6KHd-zFW0	2022-11-05 04:56:18.243853-03
\.


--
-- TOC entry 3386 (class 0 OID 18017)
-- Dependencies: 224
-- Data for Name: django_site; Type: TABLE DATA; Schema: public; Owner: postgres
--

COPY public.django_site (id, domain, name) FROM stdin;
6	example.com	example.com
7	127.0.0.1:8000	127.0.0.1:8000
\.


--
-- TOC entry 3396 (class 0 OID 55555)
-- Dependencies: 234
-- Data for Name: oauth_project_equipo; Type: TABLE DATA; Schema: public; Owner: postgres
--

COPY public.oauth_project_equipo (id, capacidad, proyecto_id) FROM stdin;
1	14	1
2	6	2
\.


--
-- TOC entry 3398 (class 0 OID 55562)
-- Dependencies: 236
-- Data for Name: oauth_project_estado; Type: TABLE DATA; Schema: public; Owner: postgres
--

COPY public.oauth_project_estado (id, descripcion) FROM stdin;
1	CREADO
2	INICIADO
3	FINALIZADO
4	CANCELADO
\.


--
-- TOC entry 3418 (class 0 OID 55655)
-- Dependencies: 256
-- Data for Name: oauth_project_integrante; Type: TABLE DATA; Schema: public; Owner: postgres
--

COPY public.oauth_project_integrante (id, cant_horas_dias, equipo_id, integrante_id) FROM stdin;
1	8	1	39
2	6	1	41
3	6	2	39
\.


--
-- TOC entry 3416 (class 0 OID 55648)
-- Dependencies: 254
-- Data for Name: oauth_project_miembro; Type: TABLE DATA; Schema: public; Owner: postgres
--

COPY public.oauth_project_miembro (id, rol_id, user_id) FROM stdin;
1	1	38
2	3	39
3	10	40
4	3	41
5	6	39
\.


--
-- TOC entry 3400 (class 0 OID 55572)
-- Dependencies: 238
-- Data for Name: oauth_project_permiso; Type: TABLE DATA; Schema: public; Owner: postgres
--

COPY public.oauth_project_permiso (id, descripcion) FROM stdin;
1	iniciar-proyecto
3	cancelar-proyecto
4	ver-equipo
5	ver-roles
6	crear-rol
7	modificar-rol
8	modificar-permisos-rol
9	ver-miembros
10	crear-miembro
11	modificar-miembro
12	eliminar-miembro
13	ver-product-backlog
14	agregar-us-product-backlog
15	ver-sprint
16	crear-sprint
17	cancelar-us-story
18	iniciar-sprint
19	finalizar-sprint
20	cancelar-sprint
21	ver-tablero-kanban
22	agregar-integrante-sprint
23	ver-sprint-backlog
24	ver-equipo-sprint
25	modificar-sprint
26	ver-spring-informe
2	finalizar-proyecto
27	eliminar-integrante-spring
28	actualizar-estado-us-tablero
29	asignaciones-product-backlog
\.


--
-- TOC entry 3414 (class 0 OID 55641)
-- Dependencies: 252
-- Data for Name: oauth_project_permisorol; Type: TABLE DATA; Schema: public; Owner: postgres
--

COPY public.oauth_project_permisorol (id, permiso_id, rol_id) FROM stdin;
1	1	7
2	2	7
3	1	8
4	2	8
5	4	8
6	4	7
7	1	9
8	2	9
9	3	9
10	4	9
11	1	1
12	2	1
13	3	1
14	4	1
15	5	1
16	6	1
17	7	1
18	8	1
19	9	1
20	10	1
21	11	1
22	12	1
23	13	1
24	14	1
25	15	1
26	16	1
27	17	1
28	18	1
29	19	1
30	20	1
31	21	1
32	23	1
33	24	1
34	25	1
35	4	3
36	21	3
37	24	3
38	15	10
39	21	10
40	13	10
41	15	3
42	28	1
43	29	1
\.


--
-- TOC entry 3412 (class 0 OID 55632)
-- Dependencies: 250
-- Data for Name: oauth_project_profile; Type: TABLE DATA; Schema: public; Owner: postgres
--

COPY public.oauth_project_profile (id, user_id) FROM stdin;
1	36
2	37
3	38
4	39
5	40
6	41
\.


--
-- TOC entry 3402 (class 0 OID 55582)
-- Dependencies: 240
-- Data for Name: oauth_project_proyecto; Type: TABLE DATA; Schema: public; Owner: postgres
--

COPY public.oauth_project_proyecto (id, nombre_proyecto, descripcion, fecha_inicio, fecha_fin, creado_by, tipos_storys, estado_id, scrum_master_id) FROM stdin;
1	Proyecto Final de Prueba - IS2	Este va ser el principal proyecto de Prueba	2022-10-24	\N	36	"[{\\"id\\": 1, \\"nombre\\": \\"Tipo de US - Normal\\", \\"estados\\": \\"[\\\\\\"do\\\\\\", \\\\\\"doing\\\\\\", \\\\\\"done\\\\\\"]\\"}, {\\"id\\": 2, \\"nombre\\": \\"Tipo de US - Personalizado\\", \\"estados\\": \\"[\\\\\\"do\\\\\\", \\\\\\"doing\\\\\\", \\\\\\"stuck\\\\\\", \\\\\\"canceled\\\\\\", \\\\\\"done\\\\\\"]\\"}]"	2	37
2	Proyecto 2 - Contiene Roles para Importar	El objetivo de este proyecto es poder importar sus roles	2022-10-24	\N	36	"[{\\"id\\": 1, \\"nombre\\": \\"Tipo de US - Normal\\", \\"estados\\": \\"[\\\\\\"do\\\\\\", \\\\\\"doing\\\\\\", \\\\\\"done\\\\\\"]\\"}]"	2	37
\.


--
-- TOC entry 3410 (class 0 OID 55622)
-- Dependencies: 248
-- Data for Name: oauth_project_rolproyecto; Type: TABLE DATA; Schema: public; Owner: postgres
--

COPY public.oauth_project_rolproyecto (id, descripcion, proyecto_id) FROM stdin;
1	PRODUCTO OWNER	1
2	TEAM LEAD	1
3	DEVELOPER	1
4	PRODUCTO OWNER	2
5	TEAM LEAD	2
6	DEVELOPER	2
7	ROL PARA IMPORTAR 1	2
8	ROL PARA IMPORTAR 2	2
9	ROL IMPORTADO 1	2
10	OBSERVADOR	1
\.


--
-- TOC entry 3404 (class 0 OID 55592)
-- Dependencies: 242
-- Data for Name: oauth_project_sprint; Type: TABLE DATA; Schema: public; Owner: postgres
--

COPY public.oauth_project_sprint (id, descripcion, equipo, nro_sprint, objetivo, fecha_inicio, cant_dias_duracion, fecha_fin, carga_horas_sprint_total, carga_horas_diarias_equipo, tipos_storys, estado_id, proyecto_id, json_informe_historico_finalizacion) FROM stdin;
3	Sprint N° 1 del Proyecto de Prueba	"[{\\"id\\": 41, \\"nombre\\": \\"flor_developer\\", \\"cant_horas\\": 4}, {\\"id\\": 39, \\"nombre\\": \\"pedro_developer\\", \\"cant_horas\\": 5}]"	1	- Comprobar que todas las funcionalidades esten correctamente	2022-10-24	15	2022-10-24	\N	9	"[{\\"id\\": 1, \\"nombre\\": \\"Tipo de US - Normal\\", \\"estados\\": \\"[\\\\\\"do\\\\\\", \\\\\\"doing\\\\\\", \\\\\\"done\\\\\\"]\\"}, {\\"id\\": 2, \\"nombre\\": \\"Tipo de US - Personalizado\\", \\"estados\\": \\"[\\\\\\"do\\\\\\", \\\\\\"doing\\\\\\", \\\\\\"stuck\\\\\\", \\\\\\"canceled\\\\\\", \\\\\\"done\\\\\\"]\\"}]"	3	1	"{\\"cantidad_tareas\\": 5, \\"cantidad_tareas_finalizadas\\": 3, \\"cantidad_tareas_pendientes\\": 2, \\"porc_tareas_finalizadas\\": 60, \\"porc_tareas_pendientes\\": 40, \\"trabajo_total_us_en_horas_sprint\\": {\\"cant_horas\\": 81, \\"cant_us\\": 5}, \\"capacidad_diaria_equipo\\": 9, \\"dias_estimado_terminar_tareas\\": 9, \\"duracion_sprint_dias\\": 15, \\"fecha_inicio_sprint\\": \\"2022-10-24\\", \\"fecha_planificada_fin_sprint\\": \\"2022-11-08\\", \\"dias_restantes_planif\\": 14, \\"fecha_estimada_fin_sprint\\": \\"2022-11-02\\", \\"dias_de_retraso\\": 0, \\"fecha_fin_oficial_sprint\\": \\"2022-10-24 02:55:23.217812\\", \\"cant_tarea_asignada\\": 5, \\"equipo_integrantes\\": [{\\"id\\": 41, \\"nombre\\": \\"flor_developer\\", \\"cant_horas\\": 4, \\"cant_tareas_asignadas\\": 2, \\"porc_tarea_realizada\\": 40}, {\\"id\\": 39, \\"nombre\\": \\"pedro_developer\\", \\"cant_horas\\": 5, \\"cant_tareas_asignadas\\": 3, \\"porc_tarea_realizada\\": 60}], \\"cant_evento_observaciones\\": 16, \\"cant_evento_hs_aumentada\\": 5, \\"cant_evento_registro_horas\\": 15, \\"observaciones_registradas\\": [{\\"tipo_evento\\": \\"observacion\\", \\"fecha\\": \\"24-10-2022 (02:42)\\", \\"descripcion\\": \\"Se comienza a trabajar en la tarea\\", \\"usuario\\": \\"pedro_developer\\", \\"data\\": {\\"user_horas\\": \\"pedro_developer\\", \\"cant_horas\\": 0, \\"sprint_id\\": 3}}, {\\"tipo_evento\\": \\"observacion\\", \\"fecha\\": \\"24-10-2022 (02:43)\\", \\"descripcion\\": \\"Se deben esperar el desarrollo de las incidencias encontradas\\", \\"usuario\\": \\"pedro_developer\\", \\"data\\": {\\"user_horas\\": \\"pedro_developer\\", \\"cant_horas\\": 0, \\"sprint_id\\": 3}}, {\\"tipo_evento\\": \\"observacion\\", \\"fecha\\": \\"24-10-2022 (02:53)\\", \\"descripcion\\": \\"La tarea vuelve a entrar en desarrollo\\", \\"usuario\\": \\"pablo_scrum_master\\", \\"data\\": {\\"user_horas\\": \\"pablo_scrum_master\\", \\"cant_horas\\": 0, \\"sprint_id\\": 3}}, {\\"tipo_evento\\": \\"observacion\\", \\"fecha\\": \\"24-10-2022 (02:34)\\", \\"descripcion\\": \\"Se empieza a trabajar esta incidencia\\", \\"usuario\\": \\"flor_developer\\", \\"data\\": {\\"user_horas\\": \\"flor_developer\\", \\"cant_horas\\": 0, \\"sprint_id\\": 3}}, {\\"tipo_evento\\": \\"observacion\\", \\"fecha\\": \\"24-10-2022 (02:35)\\", \\"descripcion\\": \\"Se termin\\\\u00f3 de realizar la incidencia\\", \\"usuario\\": \\"flor_developer\\", \\"data\\": {\\"user_horas\\": \\"flor_developer\\", \\"cant_horas\\": 0, \\"sprint_id\\": 3}}, {\\"tipo_evento\\": \\"observacion\\", \\"fecha\\": \\"24-10-2022 (02:53)\\", \\"descripcion\\": \\"La migraci\\\\u00f3n impacto en la base de datos de forma negativo, se debe volver a migrar los datos\\", \\"usuario\\": \\"pablo_scrum_master\\", \\"data\\": {\\"user_horas\\": \\"pablo_scrum_master\\", \\"cant_horas\\": 0, \\"sprint_id\\": 3}}, {\\"tipo_evento\\": \\"observacion\\", \\"fecha\\": \\"24-10-2022 (02:33)\\", \\"descripcion\\": \\"Est\\\\u00e1 en proceso la creaci\\\\u00f3n de la BD (Nos olvidamos de pasar antes de empezar)\\", \\"usuario\\": \\"flor_developer\\", \\"data\\": {\\"user_horas\\": \\"flor_developer\\", \\"cant_horas\\": 0, \\"sprint_id\\": 3}}, {\\"tipo_evento\\": \\"observacion\\", \\"fecha\\": \\"24-10-2022 (02:35)\\", \\"descripcion\\": \\"Se termin\\\\u00f3 de realizar la tarea\\", \\"usuario\\": \\"flor_developer\\", \\"data\\": {\\"user_horas\\": \\"flor_developer\\", \\"cant_horas\\": 0, \\"sprint_id\\": 3}}, {\\"tipo_evento\\": \\"observacion\\", \\"fecha\\": \\"24-10-2022 (02:51)\\", \\"descripcion\\": \\"Me parece correcta la resoluci\\\\u00f3n de esta tarea\\", \\"usuario\\": \\"pablo_scrum_master\\", \\"data\\": {\\"user_horas\\": \\"pablo_scrum_master\\", \\"cant_horas\\": 0, \\"sprint_id\\": 3}}, {\\"tipo_evento\\": \\"observacion\\", \\"fecha\\": \\"24-10-2022 (02:39)\\", \\"descripcion\\": \\"Se empieza a realizar la tarea\\", \\"usuario\\": \\"pedro_developer\\", \\"data\\": {\\"user_horas\\": \\"pedro_developer\\", \\"cant_horas\\": 0, \\"sprint_id\\": 3}}, {\\"tipo_evento\\": \\"observacion\\", \\"fecha\\": \\"24-10-2022 (02:40)\\", \\"descripcion\\": \\"Se termin\\\\u00f3 de trabajar en esta tarea\\", \\"usuario\\": \\"pedro_developer\\", \\"data\\": {\\"user_horas\\": \\"pedro_developer\\", \\"cant_horas\\": 0, \\"sprint_id\\": 3}}, {\\"tipo_evento\\": \\"observacion\\", \\"fecha\\": \\"24-10-2022 (02:52)\\", \\"descripcion\\": \\"Todo ok, sin inconvenientes\\", \\"usuario\\": \\"pablo_scrum_master\\", \\"data\\": {\\"user_horas\\": \\"pablo_scrum_master\\", \\"cant_horas\\": 0, \\"sprint_id\\": 3}}, {\\"tipo_evento\\": \\"observacion\\", \\"fecha\\": \\"24-10-2022 (02:37)\\", \\"descripcion\\": \\"Se empieza a trabajar en la tarea\\", \\"usuario\\": \\"pedro_developer\\", \\"data\\": {\\"user_horas\\": \\"pedro_developer\\", \\"cant_horas\\": 0, \\"sprint_id\\": 3}}, {\\"tipo_evento\\": \\"observacion\\", \\"fecha\\": \\"24-10-2022 (02:38)\\", \\"descripcion\\": \\"se terminaron las verificaciones correspondientes\\", \\"usuario\\": \\"pedro_developer\\", \\"data\\": {\\"user_horas\\": \\"pedro_developer\\", \\"cant_horas\\": 0, \\"sprint_id\\": 3}}, {\\"tipo_evento\\": \\"observacion\\", \\"fecha\\": \\"24-10-2022 (02:52)\\", \\"descripcion\\": \\"Todo ok, sin problemas la incidencia.\\", \\"usuario\\": \\"pablo_scrum_master\\", \\"data\\": {\\"user_horas\\": \\"pablo_scrum_master\\", \\"cant_horas\\": 0, \\"sprint_id\\": 3}}, {\\"tipo_evento\\": \\"observacion\\", \\"fecha\\": \\"24-10-2022 (02:52)\\", \\"descripcion\\": \\"Todo ok, se cierra la tarea\\", \\"usuario\\": \\"pablo_scrum_master\\", \\"data\\": {\\"user_horas\\": \\"pablo_scrum_master\\", \\"cant_horas\\": 0, \\"sprint_id\\": 3}}], \\"trabajos_registrados\\": [{\\"tipo_evento\\": \\"registro_horas\\", \\"fecha\\": \\"24-10-2022 (02:42)\\", \\"descripcion\\": \\"Se realizan pruebas internas\\", \\"usuario\\": \\"pedro_developer\\", \\"data\\": {\\"user_horas\\": \\"pedro_developer\\", \\"cant_horas\\": \\"3\\", \\"sprint_id\\": 3}}, {\\"tipo_evento\\": \\"registro_horas\\", \\"fecha\\": \\"24-10-2022 (02:43)\\", \\"descripcion\\": \\"Se encuentran incidencias, que deb\\\\u00edan resolverse en desarrollo\\", \\"usuario\\": \\"pedro_developer\\", \\"data\\": {\\"user_horas\\": \\"pedro_developer\\", \\"cant_horas\\": \\"2\\", \\"sprint_id\\": 3}}, {\\"tipo_evento\\": \\"registro_horas\\", \\"fecha\\": \\"24-10-2022 (02:35)\\", \\"descripcion\\": \\"Se realizan las migraciones correspondientes\\", \\"usuario\\": \\"flor_developer\\", \\"data\\": {\\"user_horas\\": \\"flor_developer\\", \\"cant_horas\\": \\"3\\", \\"sprint_id\\": 3}}, {\\"tipo_evento\\": \\"registro_horas\\", \\"fecha\\": \\"24-10-2022 (02:35)\\", \\"descripcion\\": \\"Se realizan las pruebas de las migraciones\\", \\"usuario\\": \\"flor_developer\\", \\"data\\": {\\"user_horas\\": \\"flor_developer\\", \\"cant_horas\\": \\"5\\", \\"sprint_id\\": 3}}, {\\"tipo_evento\\": \\"registro_horas\\", \\"fecha\\": \\"24-10-2022 (02:28)\\", \\"descripcion\\": \\"Instalaci\\\\u00f3n motor de base de datos\\", \\"usuario\\": \\"flor_developer\\", \\"data\\": {\\"user_horas\\": \\"flor_developer\\", \\"cant_horas\\": \\"3\\", \\"sprint_id\\": 3}}, {\\"tipo_evento\\": \\"registro_horas\\", \\"fecha\\": \\"24-10-2022 (02:28)\\", \\"descripcion\\": \\"Creaci\\\\u00f3n del modelo de base de datos\\", \\"usuario\\": \\"flor_developer\\", \\"data\\": {\\"user_horas\\": \\"flor_developer\\", \\"cant_horas\\": \\"4\\", \\"sprint_id\\": 3}}, {\\"tipo_evento\\": \\"registro_horas\\", \\"fecha\\": \\"24-10-2022 (02:28)\\", \\"descripcion\\": \\"Normalizaci\\\\u00f3n de la base de datos\\", \\"usuario\\": \\"flor_developer\\", \\"data\\": {\\"user_horas\\": \\"flor_developer\\", \\"cant_horas\\": \\"2\\", \\"sprint_id\\": 3}}, {\\"tipo_evento\\": \\"registro_horas\\", \\"fecha\\": \\"24-10-2022 (02:34)\\", \\"descripcion\\": \\"Se realizaron las pruebas correspondientes\\", \\"usuario\\": \\"flor_developer\\", \\"data\\": {\\"user_horas\\": \\"flor_developer\\", \\"cant_horas\\": \\"4\\", \\"sprint_id\\": 3}}, {\\"tipo_evento\\": \\"registro_horas\\", \\"fecha\\": \\"24-10-2022 (02:39)\\", \\"descripcion\\": \\"Se escriben los test unitarios\\", \\"usuario\\": \\"pedro_developer\\", \\"data\\": {\\"user_horas\\": \\"pedro_developer\\", \\"cant_horas\\": \\"6\\", \\"sprint_id\\": 3}}, {\\"tipo_evento\\": \\"registro_horas\\", \\"fecha\\": \\"24-10-2022 (02:40)\\", \\"descripcion\\": \\"Se ejecutan los test unitarios y se verifica los resultados\\", \\"usuario\\": \\"pedro_developer\\", \\"data\\": {\\"user_horas\\": \\"pedro_developer\\", \\"cant_horas\\": \\"3\\", \\"sprint_id\\": 3}}, {\\"tipo_evento\\": \\"registro_horas\\", \\"fecha\\": \\"24-10-2022 (02:40)\\", \\"descripcion\\": \\"Se resuelven incidencias que provocan errores para que pasen los test\\", \\"usuario\\": \\"pedro_developer\\", \\"data\\": {\\"user_horas\\": \\"pedro_developer\\", \\"cant_horas\\": \\"4\\", \\"sprint_id\\": 3}}, {\\"tipo_evento\\": \\"registro_horas\\", \\"fecha\\": \\"24-10-2022 (02:37)\\", \\"descripcion\\": \\"Instalaci\\\\u00f3n de Postman\\", \\"usuario\\": \\"pedro_developer\\", \\"data\\": {\\"user_horas\\": \\"pedro_developer\\", \\"cant_horas\\": \\"1\\", \\"sprint_id\\": 3}}, {\\"tipo_evento\\": \\"registro_horas\\", \\"fecha\\": \\"24-10-2022 (02:37)\\", \\"descripcion\\": \\"Lectura de la documentaci\\\\u00f3n de la API\\", \\"usuario\\": \\"pedro_developer\\", \\"data\\": {\\"user_horas\\": \\"pedro_developer\\", \\"cant_horas\\": \\"1\\", \\"sprint_id\\": 3}}, {\\"tipo_evento\\": \\"registro_horas\\", \\"fecha\\": \\"24-10-2022 (02:37)\\", \\"descripcion\\": \\"Pruebas de la API y verificaci\\\\u00f3n correspondiente\\", \\"usuario\\": \\"pedro_developer\\", \\"data\\": {\\"user_horas\\": \\"pedro_developer\\", \\"cant_horas\\": \\"2\\", \\"sprint_id\\": 3}}, {\\"tipo_evento\\": \\"registro_horas\\", \\"fecha\\": \\"24-10-2022 (02:38)\\", \\"descripcion\\": \\"Env\\\\u00edo de resultados del correo\\", \\"usuario\\": \\"pedro_developer\\", \\"data\\": {\\"user_horas\\": \\"pedro_developer\\", \\"cant_horas\\": \\"2\\", \\"sprint_id\\": 3}}], \\"aumento_hs_registrados\\": [{\\"tipo_evento\\": \\"aumento_hs\\", \\"fecha\\": \\"24-10-2022 (02:14)\\", \\"descripcion\\": \\"Se aumentan las horas del US en 12 Hs al reasignar en el Sprint N\\\\u00b0 3\\", \\"usuario\\": \\"pablo_scrum_master\\", \\"data\\": {\\"user_horas\\": \\"pablo_scrum_master\\", \\"cant_horas\\": 12, \\"sprint_id\\": 3}}, {\\"tipo_evento\\": \\"aumento_hs\\", \\"fecha\\": \\"24-10-2022 (02:14)\\", \\"descripcion\\": \\"Se aumentan las horas del US en 5 Hs al reasignar en el Sprint N\\\\u00b0 3\\", \\"usuario\\": \\"pablo_scrum_master\\", \\"data\\": {\\"user_horas\\": \\"pablo_scrum_master\\", \\"cant_horas\\": 5, \\"sprint_id\\": 3}}, {\\"tipo_evento\\": \\"aumento_hs\\", \\"fecha\\": \\"24-10-2022 (02:13)\\", \\"descripcion\\": \\"Se aumentan las horas del US en 5 Hs al reasignar en el Sprint N\\\\u00b0 3\\", \\"usuario\\": \\"pablo_scrum_master\\", \\"data\\": {\\"user_horas\\": \\"pablo_scrum_master\\", \\"cant_horas\\": 5, \\"sprint_id\\": 3}}, {\\"tipo_evento\\": \\"aumento_hs\\", \\"fecha\\": \\"24-10-2022 (02:14)\\", \\"descripcion\\": \\"Se aumentan las horas del US en 12 Hs al reasignar en el Sprint N\\\\u00b0 3\\", \\"usuario\\": \\"pablo_scrum_master\\", \\"data\\": {\\"user_horas\\": \\"pablo_scrum_master\\", \\"cant_horas\\": 12, \\"sprint_id\\": 3}}, {\\"tipo_evento\\": \\"aumento_hs\\", \\"fecha\\": \\"24-10-2022 (02:13)\\", \\"descripcion\\": \\"Se aumentan las horas del US en 4 Hs al reasignar en el Sprint N\\\\u00b0 3\\", \\"usuario\\": \\"pablo_scrum_master\\", \\"data\\": {\\"user_horas\\": \\"pablo_scrum_master\\", \\"cant_horas\\": 4, \\"sprint_id\\": 3}}], \\"cant_horas_registradas_sprint\\": 45, \\"cant_horas_aumentadas\\": 38, \\"cantidad_us_retradas\\": 0, \\"us_retrasados\\": []}"
7	123	"[{\\"id\\": 39, \\"nombre\\": \\"pedro_developer\\", \\"cant_horas\\": 6}]"	1	123	\N	12	\N	\N	6	"[{\\"id\\": 1, \\"nombre\\": \\"Tipo de US - Normal\\", \\"estados\\": \\"[\\\\\\"do\\\\\\", \\\\\\"doing\\\\\\", \\\\\\"done\\\\\\"]\\"}]"	1	2	\N
4	Sprint de Prueba N° 2	"[{\\"id\\": 39, \\"nombre\\": \\"pedro_developer\\", \\"cant_horas\\": 8}, {\\"id\\": 41, \\"nombre\\": \\"flor_developer\\", \\"cant_horas\\": 6}]"	2	- Probar funcionalidades de reasignar en este nuevo sprint	2022-10-24	8	\N	\N	14	"[{\\"id\\": 1, \\"nombre\\": \\"Tipo de US - Normal\\", \\"estados\\": \\"[\\\\\\"do\\\\\\", \\\\\\"doing\\\\\\", \\\\\\"done\\\\\\"]\\"}, {\\"id\\": 2, \\"nombre\\": \\"Tipo de US - Personalizado\\", \\"estados\\": \\"[\\\\\\"do\\\\\\", \\\\\\"doing\\\\\\", \\\\\\"stuck\\\\\\", \\\\\\"canceled\\\\\\", \\\\\\"done\\\\\\"]\\"}]"	2	1	\N
\.


--
-- TOC entry 3406 (class 0 OID 55602)
-- Dependencies: 244
-- Data for Name: oauth_project_tipouserstory; Type: TABLE DATA; Schema: public; Owner: postgres
--

COPY public.oauth_project_tipouserstory (id, descripcion, en_uso, estados) FROM stdin;
3	Tipo de U.S Personalizado 2	f	"[\\"do\\", \\"doing\\", \\"stuck\\", \\"done\\"]"
2	Tipo de US - Personalizado	t	"[\\"do\\", \\"doing\\", \\"stuck\\", \\"canceled\\", \\"done\\"]"
1	Tipo de US - Normal	t	"[\\"do\\", \\"doing\\", \\"done\\"]"
\.


--
-- TOC entry 3408 (class 0 OID 55612)
-- Dependencies: 246
-- Data for Name: oauth_project_userstory; Type: TABLE DATA; Schema: public; Owner: postgres
--

COPY public.oauth_project_userstory (id, descripcion, detalles, user_point, business_value, estado, estimacion_horas, eventos, cancelado, proyecto_id, sprint_asoc_id, tipo_user_story_id, usuario_asignado_id, finalizado, estimacion_horas_inicial) FROM stdin;
7	Pruebas internas - Módulo 1	Se deben realizar las pruebas internas del módulo de facturación	3	3	do	5	"[{\\"tipo_evento\\": \\"sistema\\", \\"fecha\\": \\"24-10-2022 (02:04)\\", \\"descripcion\\": \\"Creaci\\\\u00f3n de U.S\\", \\"usuario\\": \\"pablo_scrum_master\\", \\"data\\": \\"\\"}]"	f	1	\N	2	\N	f	5
9	Realizar el merge entre las ramas	Hacer merge entre las ramas developer, main y stag	3	5	do	3	"[{\\"tipo_evento\\": \\"sistema\\", \\"fecha\\": \\"24-10-2022 (02:05)\\", \\"descripcion\\": \\"Creaci\\\\u00f3n de U.S\\", \\"usuario\\": \\"pablo_scrum_master\\", \\"data\\": \\"\\"}]"	f	1	\N	2	\N	f	3
10	Revisar los pull request	Revisar en gitlab los pull request pendientes	2	2	do	2	"[{\\"tipo_evento\\": \\"sistema\\", \\"fecha\\": \\"24-10-2022 (02:05)\\", \\"descripcion\\": \\"Creaci\\\\u00f3n de U.S\\", \\"usuario\\": \\"pablo_scrum_master\\", \\"data\\": \\"\\"}]"	f	1	\N	2	\N	f	2
8	Pruebas internas - Módulo 2	Se deben realizar las pruebas internas del Módulo 2 de contabilidad	5	8	doing	25	"[{\\"tipo_evento\\": \\"sistema\\", \\"fecha\\": \\"24-10-2022 (02:04)\\", \\"descripcion\\": \\"Creaci\\\\u00f3n de U.S\\", \\"usuario\\": \\"pablo_scrum_master\\", \\"data\\": \\"\\"}, {\\"tipo_evento\\": \\"aumento_hs\\", \\"fecha\\": \\"24-10-2022 (02:14)\\", \\"descripcion\\": \\"Se aumentan las horas del US en 12 Hs al reasignar en el Sprint N\\\\u00b0 3\\", \\"usuario\\": \\"pablo_scrum_master\\", \\"data\\": {\\"user_horas\\": \\"pablo_scrum_master\\", \\"cant_horas\\": 12, \\"sprint_id\\": 3}}, {\\"tipo_evento\\": \\"observacion\\", \\"fecha\\": \\"24-10-2022 (02:42)\\", \\"descripcion\\": \\"Se comienza a trabajar en la tarea\\", \\"usuario\\": \\"pedro_developer\\", \\"data\\": {\\"user_horas\\": \\"pedro_developer\\", \\"cant_horas\\": 0, \\"sprint_id\\": 3}}, {\\"tipo_evento\\": \\"sistema\\", \\"fecha\\": \\"24-10-2022 (02:42)\\", \\"descripcion\\": \\"El estado del U.S (N\\\\u00b0 8) ha pasado de do a doing\\", \\"usuario\\": \\"pedro_developer\\", \\"data\\": {\\"user_horas\\": \\"pedro_developer\\", \\"cant_horas\\": 0, \\"sprint_id\\": 3}}, {\\"tipo_evento\\": \\"registro_horas\\", \\"fecha\\": \\"24-10-2022 (02:42)\\", \\"descripcion\\": \\"Se realizan pruebas internas\\", \\"usuario\\": \\"pedro_developer\\", \\"data\\": {\\"user_horas\\": \\"pedro_developer\\", \\"cant_horas\\": \\"3\\", \\"sprint_id\\": 3}}, {\\"tipo_evento\\": \\"registro_horas\\", \\"fecha\\": \\"24-10-2022 (02:43)\\", \\"descripcion\\": \\"Se encuentran incidencias, que deb\\\\u00edan resolverse en desarrollo\\", \\"usuario\\": \\"pedro_developer\\", \\"data\\": {\\"user_horas\\": \\"pedro_developer\\", \\"cant_horas\\": \\"2\\", \\"sprint_id\\": 3}}, {\\"tipo_evento\\": \\"observacion\\", \\"fecha\\": \\"24-10-2022 (02:43)\\", \\"descripcion\\": \\"Se deben esperar el desarrollo de las incidencias encontradas\\", \\"usuario\\": \\"pedro_developer\\", \\"data\\": {\\"user_horas\\": \\"pedro_developer\\", \\"cant_horas\\": 0, \\"sprint_id\\": 3}}, {\\"tipo_evento\\": \\"sistema\\", \\"fecha\\": \\"24-10-2022 (02:43)\\", \\"descripcion\\": \\"El estado del U.S (N\\\\u00b0 8) ha pasado de doing a stuck\\", \\"usuario\\": \\"pedro_developer\\", \\"data\\": {\\"user_horas\\": \\"pedro_developer\\", \\"cant_horas\\": 0, \\"sprint_id\\": 3}}, {\\"tipo_evento\\": \\"observacion\\", \\"fecha\\": \\"24-10-2022 (02:53)\\", \\"descripcion\\": \\"La tarea vuelve a entrar en desarrollo\\", \\"usuario\\": \\"pablo_scrum_master\\", \\"data\\": {\\"user_horas\\": \\"pablo_scrum_master\\", \\"cant_horas\\": 0, \\"sprint_id\\": 3}}, {\\"tipo_evento\\": \\"sistema\\", \\"fecha\\": \\"24-10-2022 (02:53)\\", \\"descripcion\\": \\"El estado del U.S (N\\\\u00b0 8) ha pasado de stuck a do\\", \\"usuario\\": \\"pablo_scrum_master\\", \\"data\\": {\\"user_horas\\": \\"pablo_scrum_master\\", \\"cant_horas\\": 0, \\"sprint_id\\": 3}}, {\\"tipo_evento\\": \\"aumento_hs\\", \\"fecha\\": \\"24-10-2022 (03:01)\\", \\"descripcion\\": \\"Se aumentan las horas del US en 3 Hs al reasignar en el Sprint N\\\\u00b0 4\\", \\"usuario\\": \\"pablo_scrum_master\\", \\"data\\": {\\"user_horas\\": \\"pablo_scrum_master\\", \\"cant_horas\\": 3, \\"sprint_id\\": 4}}, {\\"tipo_evento\\": \\"observacion\\", \\"fecha\\": \\"24-10-2022 (03:07)\\", \\"descripcion\\": \\"Se comienza a trabajar en la tarea\\", \\"usuario\\": \\"pedro_developer\\", \\"data\\": {\\"user_horas\\": \\"pedro_developer\\", \\"cant_horas\\": 0, \\"sprint_id\\": 4}}, {\\"tipo_evento\\": \\"sistema\\", \\"fecha\\": \\"24-10-2022 (03:07)\\", \\"descripcion\\": \\"El estado del U.S (N\\\\u00b0 8) ha pasado de do a doing\\", \\"usuario\\": \\"pedro_developer\\", \\"data\\": {\\"user_horas\\": \\"pedro_developer\\", \\"cant_horas\\": 0, \\"sprint_id\\": 4}}, {\\"tipo_evento\\": \\"registro_horas\\", \\"fecha\\": \\"24-10-2022 (03:08)\\", \\"descripcion\\": \\"Se realizan nuevamente las pruebas\\", \\"usuario\\": \\"pedro_developer\\", \\"data\\": {\\"user_horas\\": \\"pedro_developer\\", \\"cant_horas\\": \\"3\\", \\"sprint_id\\": 4}}]"	f	1	4	2	39	f	10
6	Documentación del Proyecto - Módulo 2	Documentar el módulo de contabilidad del proyecto	5	3	done	6	"[{\\"tipo_evento\\": \\"sistema\\", \\"fecha\\": \\"24-10-2022 (02:03)\\", \\"descripcion\\": \\"Creaci\\\\u00f3n de U.S\\", \\"usuario\\": \\"pablo_scrum_master\\", \\"data\\": \\"\\"}, {\\"tipo_evento\\": \\"observacion\\", \\"fecha\\": \\"24-10-2022 (03:04)\\", \\"descripcion\\": \\"Se comienza a trabajar en esta tarea\\", \\"usuario\\": \\"flor_developer\\", \\"data\\": {\\"user_horas\\": \\"flor_developer\\", \\"cant_horas\\": 0, \\"sprint_id\\": 4}}, {\\"tipo_evento\\": \\"sistema\\", \\"fecha\\": \\"24-10-2022 (03:04)\\", \\"descripcion\\": \\"El estado del U.S (N\\\\u00b0 6) ha pasado de do a doing\\", \\"usuario\\": \\"flor_developer\\", \\"data\\": {\\"user_horas\\": \\"flor_developer\\", \\"cant_horas\\": 0, \\"sprint_id\\": 4}}, {\\"tipo_evento\\": \\"registro_horas\\", \\"fecha\\": \\"24-10-2022 (03:04)\\", \\"descripcion\\": \\"Se comienza a leer el estandard de la documentaci\\\\u00f3n\\", \\"usuario\\": \\"flor_developer\\", \\"data\\": {\\"user_horas\\": \\"flor_developer\\", \\"cant_horas\\": \\"2\\", \\"sprint_id\\": 4}}, {\\"tipo_evento\\": \\"registro_horas\\", \\"fecha\\": \\"24-10-2022 (03:05)\\", \\"descripcion\\": \\"Se empiezan a documentar el m\\\\u00f3dulo\\", \\"usuario\\": \\"flor_developer\\", \\"data\\": {\\"user_horas\\": \\"flor_developer\\", \\"cant_horas\\": \\"2\\", \\"sprint_id\\": 4}}, {\\"tipo_evento\\": \\"registro_horas\\", \\"fecha\\": \\"24-10-2022 (03:05)\\", \\"descripcion\\": \\"Se realizan las pruebas de generaci\\\\u00f3n de documentaci\\\\u00f3n\\", \\"usuario\\": \\"flor_developer\\", \\"data\\": {\\"user_horas\\": \\"flor_developer\\", \\"cant_horas\\": \\"2\\", \\"sprint_id\\": 4}}, {\\"tipo_evento\\": \\"observacion\\", \\"fecha\\": \\"24-10-2022 (03:05)\\", \\"descripcion\\": \\"esta tarea se realiza completamente\\", \\"usuario\\": \\"flor_developer\\", \\"data\\": {\\"user_horas\\": \\"flor_developer\\", \\"cant_horas\\": 0, \\"sprint_id\\": 4}}, {\\"tipo_evento\\": \\"sistema\\", \\"fecha\\": \\"24-10-2022 (03:05)\\", \\"descripcion\\": \\"El estado del U.S (N\\\\u00b0 6) ha pasado de doing a done\\", \\"usuario\\": \\"flor_developer\\", \\"data\\": {\\"user_horas\\": \\"flor_developer\\", \\"cant_horas\\": 0, \\"sprint_id\\": 4}}, {\\"tipo_evento\\": \\"observacion\\", \\"fecha\\": \\"24-10-2022 (03:06)\\", \\"descripcion\\": \\"La documentaci\\\\u00f3n se entra 10 puntos, siga asi\\", \\"usuario\\": \\"pablo_scrum_master\\", \\"data\\": {\\"user_horas\\": \\"pablo_scrum_master\\", \\"cant_horas\\": 0, \\"sprint_id\\": 4}}, {\\"tipo_evento\\": \\"sistema\\", \\"fecha\\": \\"24-10-2022 (03:06)\\", \\"descripcion\\": \\"El estado del U.S (N\\\\u00b0 6) ha pasado de done a done\\", \\"usuario\\": \\"pablo_scrum_master\\", \\"data\\": {\\"user_horas\\": \\"pablo_scrum_master\\", \\"cant_horas\\": 0, \\"sprint_id\\": 4}}, {\\"tipo_evento\\": \\"sistema\\", \\"fecha\\": \\"24-10-2022 (03:06)\\", \\"descripcion\\": \\"El Scrum Master ha finalizado esta tarea. \\", \\"usuario\\": \\"pablo_scrum_master\\", \\"data\\": {\\"user_horas\\": \\"pablo_scrum_master\\", \\"cant_horas\\": 0, \\"sprint_id\\": 4}}]"	f	1	4	1	41	t	6
11	Realizar Relevamiento del Módulo 3	Se debe realizar el relevamiento con el cliente	3	8	do	9	"[{\\"tipo_evento\\": \\"sistema\\", \\"fecha\\": \\"24-10-2022 (02:06)\\", \\"descripcion\\": \\"Creaci\\\\u00f3n de U.S\\", \\"usuario\\": \\"pablo_scrum_master\\", \\"data\\": \\"\\"}]"	f	1	\N	2	41	f	9
1	Crear base de datos	- Se debe construir una base de datos en postgresSQL con las necesidades del cliente	5	8	done	15	"[{\\"tipo_evento\\": \\"sistema\\", \\"fecha\\": \\"24-10-2022 (01:59)\\", \\"descripcion\\": \\"Creaci\\\\u00f3n de U.S\\", \\"usuario\\": \\"pablo_scrum_master\\", \\"data\\": \\"\\"}, {\\"tipo_evento\\": \\"aumento_hs\\", \\"fecha\\": \\"24-10-2022 (02:13)\\", \\"descripcion\\": \\"Se aumentan las horas del US en 5 Hs al reasignar en el Sprint N\\\\u00b0 3\\", \\"usuario\\": \\"pablo_scrum_master\\", \\"data\\": {\\"user_horas\\": \\"pablo_scrum_master\\", \\"cant_horas\\": 5, \\"sprint_id\\": 3}}, {\\"tipo_evento\\": \\"registro_horas\\", \\"fecha\\": \\"24-10-2022 (02:28)\\", \\"descripcion\\": \\"Instalaci\\\\u00f3n motor de base de datos\\", \\"usuario\\": \\"flor_developer\\", \\"data\\": {\\"user_horas\\": \\"flor_developer\\", \\"cant_horas\\": \\"3\\", \\"sprint_id\\": 3}}, {\\"tipo_evento\\": \\"registro_horas\\", \\"fecha\\": \\"24-10-2022 (02:28)\\", \\"descripcion\\": \\"Creaci\\\\u00f3n del modelo de base de datos\\", \\"usuario\\": \\"flor_developer\\", \\"data\\": {\\"user_horas\\": \\"flor_developer\\", \\"cant_horas\\": \\"4\\", \\"sprint_id\\": 3}}, {\\"tipo_evento\\": \\"registro_horas\\", \\"fecha\\": \\"24-10-2022 (02:28)\\", \\"descripcion\\": \\"Normalizaci\\\\u00f3n de la base de datos\\", \\"usuario\\": \\"flor_developer\\", \\"data\\": {\\"user_horas\\": \\"flor_developer\\", \\"cant_horas\\": \\"2\\", \\"sprint_id\\": 3}}, {\\"tipo_evento\\": \\"observacion\\", \\"fecha\\": \\"24-10-2022 (02:33)\\", \\"descripcion\\": \\"Est\\\\u00e1 en proceso la creaci\\\\u00f3n de la BD (Nos olvidamos de pasar antes de empezar)\\", \\"usuario\\": \\"flor_developer\\", \\"data\\": {\\"user_horas\\": \\"flor_developer\\", \\"cant_horas\\": 0, \\"sprint_id\\": 3}}, {\\"tipo_evento\\": \\"sistema\\", \\"fecha\\": \\"24-10-2022 (02:33)\\", \\"descripcion\\": \\"El estado del U.S (N\\\\u00b0 1) ha pasado de do a doing\\", \\"usuario\\": \\"flor_developer\\", \\"data\\": {\\"user_horas\\": \\"flor_developer\\", \\"cant_horas\\": 0, \\"sprint_id\\": 3}}, {\\"tipo_evento\\": \\"registro_horas\\", \\"fecha\\": \\"24-10-2022 (02:34)\\", \\"descripcion\\": \\"Se realizaron las pruebas correspondientes\\", \\"usuario\\": \\"flor_developer\\", \\"data\\": {\\"user_horas\\": \\"flor_developer\\", \\"cant_horas\\": \\"4\\", \\"sprint_id\\": 3}}, {\\"tipo_evento\\": \\"observacion\\", \\"fecha\\": \\"24-10-2022 (02:35)\\", \\"descripcion\\": \\"Se termin\\\\u00f3 de realizar la tarea\\", \\"usuario\\": \\"flor_developer\\", \\"data\\": {\\"user_horas\\": \\"flor_developer\\", \\"cant_horas\\": 0, \\"sprint_id\\": 3}}, {\\"tipo_evento\\": \\"sistema\\", \\"fecha\\": \\"24-10-2022 (02:35)\\", \\"descripcion\\": \\"El estado del U.S (N\\\\u00b0 1) ha pasado de doing a done\\", \\"usuario\\": \\"flor_developer\\", \\"data\\": {\\"user_horas\\": \\"flor_developer\\", \\"cant_horas\\": 0, \\"sprint_id\\": 3}}, {\\"tipo_evento\\": \\"observacion\\", \\"fecha\\": \\"24-10-2022 (02:51)\\", \\"descripcion\\": \\"Me parece correcta la resoluci\\\\u00f3n de esta tarea\\", \\"usuario\\": \\"pablo_scrum_master\\", \\"data\\": {\\"user_horas\\": \\"pablo_scrum_master\\", \\"cant_horas\\": 0, \\"sprint_id\\": 3}}, {\\"tipo_evento\\": \\"sistema\\", \\"fecha\\": \\"24-10-2022 (02:51)\\", \\"descripcion\\": \\"El estado del U.S (N\\\\u00b0 1) ha pasado de done a done\\", \\"usuario\\": \\"pablo_scrum_master\\", \\"data\\": {\\"user_horas\\": \\"pablo_scrum_master\\", \\"cant_horas\\": 0, \\"sprint_id\\": 3}}, {\\"tipo_evento\\": \\"sistema\\", \\"fecha\\": \\"24-10-2022 (02:51)\\", \\"descripcion\\": \\"El Scrum Master ha finalizado esta tarea. \\", \\"usuario\\": \\"pablo_scrum_master\\", \\"data\\": {\\"user_horas\\": \\"pablo_scrum_master\\", \\"cant_horas\\": 0, \\"sprint_id\\": 3}}]"	f	1	3	1	41	t	10
3	Realizar las migraciones de Desarrollo en Producción	Se deben realizar las migraciones correspondientes del servidor	8	3	done	19	"[{\\"tipo_evento\\": \\"sistema\\", \\"fecha\\": \\"24-10-2022 (02:00)\\", \\"descripcion\\": \\"Creaci\\\\u00f3n de U.S\\", \\"usuario\\": \\"pablo_scrum_master\\", \\"data\\": \\"\\"}, {\\"tipo_evento\\": \\"aumento_hs\\", \\"fecha\\": \\"24-10-2022 (02:14)\\", \\"descripcion\\": \\"Se aumentan las horas del US en 5 Hs al reasignar en el Sprint N\\\\u00b0 3\\", \\"usuario\\": \\"pablo_scrum_master\\", \\"data\\": {\\"user_horas\\": \\"pablo_scrum_master\\", \\"cant_horas\\": 5, \\"sprint_id\\": 3}}, {\\"tipo_evento\\": \\"observacion\\", \\"fecha\\": \\"24-10-2022 (02:34)\\", \\"descripcion\\": \\"Se empieza a trabajar esta incidencia\\", \\"usuario\\": \\"flor_developer\\", \\"data\\": {\\"user_horas\\": \\"flor_developer\\", \\"cant_horas\\": 0, \\"sprint_id\\": 3}}, {\\"tipo_evento\\": \\"sistema\\", \\"fecha\\": \\"24-10-2022 (02:34)\\", \\"descripcion\\": \\"El estado del U.S (N\\\\u00b0 3) ha pasado de do a doing\\", \\"usuario\\": \\"flor_developer\\", \\"data\\": {\\"user_horas\\": \\"flor_developer\\", \\"cant_horas\\": 0, \\"sprint_id\\": 3}}, {\\"tipo_evento\\": \\"registro_horas\\", \\"fecha\\": \\"24-10-2022 (02:35)\\", \\"descripcion\\": \\"Se realizan las migraciones correspondientes\\", \\"usuario\\": \\"flor_developer\\", \\"data\\": {\\"user_horas\\": \\"flor_developer\\", \\"cant_horas\\": \\"3\\", \\"sprint_id\\": 3}}, {\\"tipo_evento\\": \\"registro_horas\\", \\"fecha\\": \\"24-10-2022 (02:35)\\", \\"descripcion\\": \\"Se realizan las pruebas de las migraciones\\", \\"usuario\\": \\"flor_developer\\", \\"data\\": {\\"user_horas\\": \\"flor_developer\\", \\"cant_horas\\": \\"5\\", \\"sprint_id\\": 3}}, {\\"tipo_evento\\": \\"observacion\\", \\"fecha\\": \\"24-10-2022 (02:35)\\", \\"descripcion\\": \\"Se termin\\\\u00f3 de realizar la incidencia\\", \\"usuario\\": \\"flor_developer\\", \\"data\\": {\\"user_horas\\": \\"flor_developer\\", \\"cant_horas\\": 0, \\"sprint_id\\": 3}}, {\\"tipo_evento\\": \\"sistema\\", \\"fecha\\": \\"24-10-2022 (02:35)\\", \\"descripcion\\": \\"El estado del U.S (N\\\\u00b0 3) ha pasado de doing a done\\", \\"usuario\\": \\"flor_developer\\", \\"data\\": {\\"user_horas\\": \\"flor_developer\\", \\"cant_horas\\": 0, \\"sprint_id\\": 3}}, {\\"tipo_evento\\": \\"observacion\\", \\"fecha\\": \\"24-10-2022 (02:53)\\", \\"descripcion\\": \\"La migraci\\\\u00f3n impacto en la base de datos de forma negativo, se debe volver a migrar los datos\\", \\"usuario\\": \\"pablo_scrum_master\\", \\"data\\": {\\"user_horas\\": \\"pablo_scrum_master\\", \\"cant_horas\\": 0, \\"sprint_id\\": 3}}, {\\"tipo_evento\\": \\"sistema\\", \\"fecha\\": \\"24-10-2022 (02:53)\\", \\"descripcion\\": \\"El estado del U.S (N\\\\u00b0 3) ha pasado de done a do\\", \\"usuario\\": \\"pablo_scrum_master\\", \\"data\\": {\\"user_horas\\": \\"pablo_scrum_master\\", \\"cant_horas\\": 0, \\"sprint_id\\": 3}}, {\\"tipo_evento\\": \\"aumento_hs\\", \\"fecha\\": \\"24-10-2022 (03:01)\\", \\"descripcion\\": \\"Se aumentan las horas del US en 3 Hs al reasignar en el Sprint N\\\\u00b0 4\\", \\"usuario\\": \\"pablo_scrum_master\\", \\"data\\": {\\"user_horas\\": \\"pablo_scrum_master\\", \\"cant_horas\\": 3, \\"sprint_id\\": 4}}, {\\"tipo_evento\\": \\"observacion\\", \\"fecha\\": \\"24-10-2022 (03:06)\\", \\"descripcion\\": \\"se comienza a trabajar en la tarea\\", \\"usuario\\": \\"flor_developer\\", \\"data\\": {\\"user_horas\\": \\"flor_developer\\", \\"cant_horas\\": 0, \\"sprint_id\\": 4}}, {\\"tipo_evento\\": \\"sistema\\", \\"fecha\\": \\"24-10-2022 (03:06)\\", \\"descripcion\\": \\"El estado del U.S (N\\\\u00b0 3) ha pasado de do a doing\\", \\"usuario\\": \\"flor_developer\\", \\"data\\": {\\"user_horas\\": \\"flor_developer\\", \\"cant_horas\\": 0, \\"sprint_id\\": 4}}, {\\"tipo_evento\\": \\"registro_horas\\", \\"fecha\\": \\"24-10-2022 (03:06)\\", \\"descripcion\\": \\"Se vuelven a realizar las migraciones\\", \\"usuario\\": \\"flor_developer\\", \\"data\\": {\\"user_horas\\": \\"flor_developer\\", \\"cant_horas\\": \\"2\\", \\"sprint_id\\": 4}}, {\\"tipo_evento\\": \\"observacion\\", \\"fecha\\": \\"24-10-2022 (18:28)\\", \\"descripcion\\": \\"Se comenz\\\\u00f3 a trabajar en esta tarea\\", \\"usuario\\": \\"flor_developer\\", \\"data\\": \\"\\"}, {\\"tipo_evento\\": \\"registro_horas\\", \\"fecha\\": \\"24-10-2022 (18:28)\\", \\"descripcion\\": \\"Trabajo dedicado a programar\\", \\"usuario\\": \\"flor_developer\\", \\"data\\": {\\"user_horas\\": \\"flor_developer\\", \\"cant_horas\\": \\"3\\", \\"sprint_id\\": 4}}, {\\"tipo_evento\\": \\"observacion\\", \\"fecha\\": \\"24-10-2022 (18:29)\\", \\"descripcion\\": \\"Se termin\\\\u00f3 la programaci\\\\u00f3n de este m\\\\u00f3dulo\\", \\"usuario\\": \\"flor_developer\\", \\"data\\": {\\"user_horas\\": \\"flor_developer\\", \\"cant_horas\\": 0, \\"sprint_id\\": 4}}, {\\"tipo_evento\\": \\"sistema\\", \\"fecha\\": \\"24-10-2022 (18:29)\\", \\"descripcion\\": \\"El estado del U.S (N\\\\u00b0 3) ha pasado de doing a done\\", \\"usuario\\": \\"flor_developer\\", \\"data\\": {\\"user_horas\\": \\"flor_developer\\", \\"cant_horas\\": 0, \\"sprint_id\\": 4}}, {\\"tipo_evento\\": \\"observacion\\", \\"fecha\\": \\"24-10-2022 (18:31)\\", \\"descripcion\\": \\"Todo ok\\", \\"usuario\\": \\"pablo_scrum_master\\", \\"data\\": {\\"user_horas\\": \\"pablo_scrum_master\\", \\"cant_horas\\": 0, \\"sprint_id\\": 4}}, {\\"tipo_evento\\": \\"sistema\\", \\"fecha\\": \\"24-10-2022 (18:31)\\", \\"descripcion\\": \\"El estado del U.S (N\\\\u00b0 3) ha pasado de done a done\\", \\"usuario\\": \\"pablo_scrum_master\\", \\"data\\": {\\"user_horas\\": \\"pablo_scrum_master\\", \\"cant_horas\\": 0, \\"sprint_id\\": 4}}, {\\"tipo_evento\\": \\"sistema\\", \\"fecha\\": \\"24-10-2022 (18:31)\\", \\"descripcion\\": \\"El Scrum Master ha finalizado esta tarea. \\", \\"usuario\\": \\"pablo_scrum_master\\", \\"data\\": {\\"user_horas\\": \\"pablo_scrum_master\\", \\"cant_horas\\": 0, \\"sprint_id\\": 4}}]"	f	1	4	1	41	t	11
12	Descripción	Detalle	5	8	do	10	"[{\\"tipo_evento\\": \\"sistema\\", \\"fecha\\": \\"24-10-2022 (18:13)\\", \\"descripcion\\": \\"Creaci\\\\u00f3n de U.S\\", \\"usuario\\": \\"pablo_scrum_master\\", \\"data\\": \\"\\"}]"	f	1	\N	1	\N	f	10
5	Documentación del Proyecto - Módulo 1	Documentar el módulo de facturación del proyecto	3	5	done	3	"[{\\"tipo_evento\\": \\"sistema\\", \\"fecha\\": \\"24-10-2022 (02:02)\\", \\"descripcion\\": \\"Creaci\\\\u00f3n de U.S\\", \\"usuario\\": \\"pablo_scrum_master\\", \\"data\\": \\"\\"}, {\\"tipo_evento\\": \\"observacion\\", \\"fecha\\": \\"04-11-2022 (17:29)\\", \\"descripcion\\": \\"Empieza el trabajo\\", \\"usuario\\": \\"pablo_scrum_master\\", \\"data\\": {\\"user_horas\\": \\"pablo_scrum_master\\", \\"cant_horas\\": 0, \\"sprint_id\\": 4}}, {\\"tipo_evento\\": \\"sistema\\", \\"fecha\\": \\"04-11-2022 (17:29)\\", \\"descripcion\\": \\"El estado del U.S (N\\\\u00b0 5) ha pasado de do a doing\\", \\"usuario\\": \\"pablo_scrum_master\\", \\"data\\": {\\"user_horas\\": \\"pablo_scrum_master\\", \\"cant_horas\\": 0, \\"sprint_id\\": 4}}, {\\"tipo_evento\\": \\"observacion\\", \\"fecha\\": \\"04-11-2022 (18:21)\\", \\"descripcion\\": \\"esta tarea se da por finalizada\\", \\"usuario\\": \\"pedro_developer\\", \\"data\\": {\\"user_horas\\": \\"pedro_developer\\", \\"cant_horas\\": 0, \\"sprint_id\\": 4}}, {\\"tipo_evento\\": \\"sistema\\", \\"fecha\\": \\"04-11-2022 (18:21)\\", \\"descripcion\\": \\"El estado del U.S (N\\\\u00b0 5) ha pasado de doing a done\\", \\"usuario\\": \\"pedro_developer\\", \\"data\\": {\\"user_horas\\": \\"pedro_developer\\", \\"cant_horas\\": 0, \\"sprint_id\\": 4}}, {\\"tipo_evento\\": \\"observacion\\", \\"fecha\\": \\"04-11-2022 (18:22)\\", \\"descripcion\\": \\"esta tarea esta se termina\\", \\"usuario\\": \\"pablo_scrum_master\\", \\"data\\": {\\"user_horas\\": \\"pablo_scrum_master\\", \\"cant_horas\\": 0, \\"sprint_id\\": 4}}, {\\"tipo_evento\\": \\"sistema\\", \\"fecha\\": \\"04-11-2022 (18:22)\\", \\"descripcion\\": \\"El estado del U.S (N\\\\u00b0 5) ha pasado de done a done\\", \\"usuario\\": \\"pablo_scrum_master\\", \\"data\\": {\\"user_horas\\": \\"pablo_scrum_master\\", \\"cant_horas\\": 0, \\"sprint_id\\": 4}}, {\\"tipo_evento\\": \\"sistema\\", \\"fecha\\": \\"04-11-2022 (18:22)\\", \\"descripcion\\": \\"El Scrum Master ha finalizado esta tarea. \\", \\"usuario\\": \\"pablo_scrum_master\\", \\"data\\": {\\"user_horas\\": \\"pablo_scrum_master\\", \\"cant_horas\\": 0, \\"sprint_id\\": 4}}]"	f	1	4	1	39	t	3
4	Escribir test unitarios	Realizar los test unitarios del nuevo módulo	5	3	done	16	"[{\\"tipo_evento\\": \\"sistema\\", \\"fecha\\": \\"24-10-2022 (02:01)\\", \\"descripcion\\": \\"Creaci\\\\u00f3n de U.S\\", \\"usuario\\": \\"pablo_scrum_master\\", \\"data\\": \\"\\"}, {\\"tipo_evento\\": \\"aumento_hs\\", \\"fecha\\": \\"24-10-2022 (02:14)\\", \\"descripcion\\": \\"Se aumentan las horas del US en 12 Hs al reasignar en el Sprint N\\\\u00b0 3\\", \\"usuario\\": \\"pablo_scrum_master\\", \\"data\\": {\\"user_horas\\": \\"pablo_scrum_master\\", \\"cant_horas\\": 12, \\"sprint_id\\": 3}}, {\\"tipo_evento\\": \\"observacion\\", \\"fecha\\": \\"24-10-2022 (02:39)\\", \\"descripcion\\": \\"Se empieza a realizar la tarea\\", \\"usuario\\": \\"pedro_developer\\", \\"data\\": {\\"user_horas\\": \\"pedro_developer\\", \\"cant_horas\\": 0, \\"sprint_id\\": 3}}, {\\"tipo_evento\\": \\"sistema\\", \\"fecha\\": \\"24-10-2022 (02:39)\\", \\"descripcion\\": \\"El estado del U.S (N\\\\u00b0 4) ha pasado de do a doing\\", \\"usuario\\": \\"pedro_developer\\", \\"data\\": {\\"user_horas\\": \\"pedro_developer\\", \\"cant_horas\\": 0, \\"sprint_id\\": 3}}, {\\"tipo_evento\\": \\"registro_horas\\", \\"fecha\\": \\"24-10-2022 (02:39)\\", \\"descripcion\\": \\"Se escriben los test unitarios\\", \\"usuario\\": \\"pedro_developer\\", \\"data\\": {\\"user_horas\\": \\"pedro_developer\\", \\"cant_horas\\": \\"6\\", \\"sprint_id\\": 3}}, {\\"tipo_evento\\": \\"registro_horas\\", \\"fecha\\": \\"24-10-2022 (02:40)\\", \\"descripcion\\": \\"Se ejecutan los test unitarios y se verifica los resultados\\", \\"usuario\\": \\"pedro_developer\\", \\"data\\": {\\"user_horas\\": \\"pedro_developer\\", \\"cant_horas\\": \\"3\\", \\"sprint_id\\": 3}}, {\\"tipo_evento\\": \\"registro_horas\\", \\"fecha\\": \\"24-10-2022 (02:40)\\", \\"descripcion\\": \\"Se resuelven incidencias que provocan errores para que pasen los test\\", \\"usuario\\": \\"pedro_developer\\", \\"data\\": {\\"user_horas\\": \\"pedro_developer\\", \\"cant_horas\\": \\"4\\", \\"sprint_id\\": 3}}, {\\"tipo_evento\\": \\"observacion\\", \\"fecha\\": \\"24-10-2022 (02:40)\\", \\"descripcion\\": \\"Se termin\\\\u00f3 de trabajar en esta tarea\\", \\"usuario\\": \\"pedro_developer\\", \\"data\\": {\\"user_horas\\": \\"pedro_developer\\", \\"cant_horas\\": 0, \\"sprint_id\\": 3}}, {\\"tipo_evento\\": \\"sistema\\", \\"fecha\\": \\"24-10-2022 (02:40)\\", \\"descripcion\\": \\"El estado del U.S (N\\\\u00b0 4) ha pasado de doing a done\\", \\"usuario\\": \\"pedro_developer\\", \\"data\\": {\\"user_horas\\": \\"pedro_developer\\", \\"cant_horas\\": 0, \\"sprint_id\\": 3}}, {\\"tipo_evento\\": \\"observacion\\", \\"fecha\\": \\"24-10-2022 (02:52)\\", \\"descripcion\\": \\"Todo ok, sin inconvenientes\\", \\"usuario\\": \\"pablo_scrum_master\\", \\"data\\": {\\"user_horas\\": \\"pablo_scrum_master\\", \\"cant_horas\\": 0, \\"sprint_id\\": 3}}, {\\"tipo_evento\\": \\"sistema\\", \\"fecha\\": \\"24-10-2022 (02:52)\\", \\"descripcion\\": \\"El estado del U.S (N\\\\u00b0 4) ha pasado de done a done\\", \\"usuario\\": \\"pablo_scrum_master\\", \\"data\\": {\\"user_horas\\": \\"pablo_scrum_master\\", \\"cant_horas\\": 0, \\"sprint_id\\": 3}}, {\\"tipo_evento\\": \\"sistema\\", \\"fecha\\": \\"24-10-2022 (02:52)\\", \\"descripcion\\": \\"El Scrum Master ha finalizado esta tarea. \\", \\"usuario\\": \\"pablo_scrum_master\\", \\"data\\": {\\"user_horas\\": \\"pablo_scrum_master\\", \\"cant_horas\\": 0, \\"sprint_id\\": 3}}]"	f	1	3	1	39	t	4
2	Verificación de API	Verificar el correcto funcionamiento de la API	3	5	done	12	"[{\\"tipo_evento\\": \\"sistema\\", \\"fecha\\": \\"24-10-2022 (01:59)\\", \\"descripcion\\": \\"Creaci\\\\u00f3n de U.S\\", \\"usuario\\": \\"pablo_scrum_master\\", \\"data\\": \\"\\"}, {\\"tipo_evento\\": \\"aumento_hs\\", \\"fecha\\": \\"24-10-2022 (02:13)\\", \\"descripcion\\": \\"Se aumentan las horas del US en 4 Hs al reasignar en el Sprint N\\\\u00b0 3\\", \\"usuario\\": \\"pablo_scrum_master\\", \\"data\\": {\\"user_horas\\": \\"pablo_scrum_master\\", \\"cant_horas\\": 4, \\"sprint_id\\": 3}}, {\\"tipo_evento\\": \\"observacion\\", \\"fecha\\": \\"24-10-2022 (02:37)\\", \\"descripcion\\": \\"Se empieza a trabajar en la tarea\\", \\"usuario\\": \\"pedro_developer\\", \\"data\\": {\\"user_horas\\": \\"pedro_developer\\", \\"cant_horas\\": 0, \\"sprint_id\\": 3}}, {\\"tipo_evento\\": \\"sistema\\", \\"fecha\\": \\"24-10-2022 (02:37)\\", \\"descripcion\\": \\"El estado del U.S (N\\\\u00b0 2) ha pasado de do a doing\\", \\"usuario\\": \\"pedro_developer\\", \\"data\\": {\\"user_horas\\": \\"pedro_developer\\", \\"cant_horas\\": 0, \\"sprint_id\\": 3}}, {\\"tipo_evento\\": \\"registro_horas\\", \\"fecha\\": \\"24-10-2022 (02:37)\\", \\"descripcion\\": \\"Instalaci\\\\u00f3n de Postman\\", \\"usuario\\": \\"pedro_developer\\", \\"data\\": {\\"user_horas\\": \\"pedro_developer\\", \\"cant_horas\\": \\"1\\", \\"sprint_id\\": 3}}, {\\"tipo_evento\\": \\"registro_horas\\", \\"fecha\\": \\"24-10-2022 (02:37)\\", \\"descripcion\\": \\"Lectura de la documentaci\\\\u00f3n de la API\\", \\"usuario\\": \\"pedro_developer\\", \\"data\\": {\\"user_horas\\": \\"pedro_developer\\", \\"cant_horas\\": \\"1\\", \\"sprint_id\\": 3}}, {\\"tipo_evento\\": \\"registro_horas\\", \\"fecha\\": \\"24-10-2022 (02:37)\\", \\"descripcion\\": \\"Pruebas de la API y verificaci\\\\u00f3n correspondiente\\", \\"usuario\\": \\"pedro_developer\\", \\"data\\": {\\"user_horas\\": \\"pedro_developer\\", \\"cant_horas\\": \\"2\\", \\"sprint_id\\": 3}}, {\\"tipo_evento\\": \\"registro_horas\\", \\"fecha\\": \\"24-10-2022 (02:38)\\", \\"descripcion\\": \\"Env\\\\u00edo de resultados del correo\\", \\"usuario\\": \\"pedro_developer\\", \\"data\\": {\\"user_horas\\": \\"pedro_developer\\", \\"cant_horas\\": \\"2\\", \\"sprint_id\\": 3}}, {\\"tipo_evento\\": \\"observacion\\", \\"fecha\\": \\"24-10-2022 (02:38)\\", \\"descripcion\\": \\"se terminaron las verificaciones correspondientes\\", \\"usuario\\": \\"pedro_developer\\", \\"data\\": {\\"user_horas\\": \\"pedro_developer\\", \\"cant_horas\\": 0, \\"sprint_id\\": 3}}, {\\"tipo_evento\\": \\"sistema\\", \\"fecha\\": \\"24-10-2022 (02:38)\\", \\"descripcion\\": \\"El estado del U.S (N\\\\u00b0 2) ha pasado de doing a done\\", \\"usuario\\": \\"pedro_developer\\", \\"data\\": {\\"user_horas\\": \\"pedro_developer\\", \\"cant_horas\\": 0, \\"sprint_id\\": 3}}, {\\"tipo_evento\\": \\"observacion\\", \\"fecha\\": \\"24-10-2022 (02:52)\\", \\"descripcion\\": \\"Todo ok, sin problemas la incidencia.\\", \\"usuario\\": \\"pablo_scrum_master\\", \\"data\\": {\\"user_horas\\": \\"pablo_scrum_master\\", \\"cant_horas\\": 0, \\"sprint_id\\": 3}}, {\\"tipo_evento\\": \\"sistema\\", \\"fecha\\": \\"24-10-2022 (02:52)\\", \\"descripcion\\": \\"El estado del U.S (N\\\\u00b0 2) ha pasado de done a done\\", \\"usuario\\": \\"pablo_scrum_master\\", \\"data\\": {\\"user_horas\\": \\"pablo_scrum_master\\", \\"cant_horas\\": 0, \\"sprint_id\\": 3}}, {\\"tipo_evento\\": \\"observacion\\", \\"fecha\\": \\"24-10-2022 (02:52)\\", \\"descripcion\\": \\"Todo ok, se cierra la tarea\\", \\"usuario\\": \\"pablo_scrum_master\\", \\"data\\": {\\"user_horas\\": \\"pablo_scrum_master\\", \\"cant_horas\\": 0, \\"sprint_id\\": 3}}, {\\"tipo_evento\\": \\"sistema\\", \\"fecha\\": \\"24-10-2022 (02:52)\\", \\"descripcion\\": \\"El estado del U.S (N\\\\u00b0 2) ha pasado de done a done\\", \\"usuario\\": \\"pablo_scrum_master\\", \\"data\\": {\\"user_horas\\": \\"pablo_scrum_master\\", \\"cant_horas\\": 0, \\"sprint_id\\": 3}}, {\\"tipo_evento\\": \\"sistema\\", \\"fecha\\": \\"24-10-2022 (02:52)\\", \\"descripcion\\": \\"El Scrum Master ha finalizado esta tarea. \\", \\"usuario\\": \\"pablo_scrum_master\\", \\"data\\": {\\"user_horas\\": \\"pablo_scrum_master\\", \\"cant_horas\\": 0, \\"sprint_id\\": 3}}]"	f	1	3	1	39	t	8
\.


--
-- TOC entry 3388 (class 0 OID 18027)
-- Dependencies: 226
-- Data for Name: socialaccount_socialaccount; Type: TABLE DATA; Schema: public; Owner: postgres
--

COPY public.socialaccount_socialaccount (id, provider, uid, last_login, date_joined, extra_data, user_id) FROM stdin;
\.


--
-- TOC entry 3390 (class 0 OID 18037)
-- Dependencies: 228
-- Data for Name: socialaccount_socialapp; Type: TABLE DATA; Schema: public; Owner: postgres
--

COPY public.socialaccount_socialapp (id, provider, name, client_id, secret, key) FROM stdin;
1	google	OAuth App	125320250087-fnj501tamgnfm0cs08p0sji80ulsp4od.apps.googleusercontent.com	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	
\.


--
-- TOC entry 3392 (class 0 OID 18044)
-- Dependencies: 230
-- Data for Name: socialaccount_socialapp_sites; Type: TABLE DATA; Schema: public; Owner: postgres
--

COPY public.socialaccount_socialapp_sites (id, socialapp_id, site_id) FROM stdin;
1	1	7
\.


--
-- TOC entry 3394 (class 0 OID 18051)
-- Dependencies: 232
-- Data for Name: socialaccount_socialtoken; Type: TABLE DATA; Schema: public; Owner: postgres
--

COPY public.socialaccount_socialtoken (id, token, token_secret, expires_at, account_id, app_id) FROM stdin;
\.


--
-- TOC entry 3424 (class 0 OID 0)
-- Dependencies: 219
-- Name: account_emailaddress_id_seq; Type: SEQUENCE SET; Schema: public; Owner: postgres
--

SELECT pg_catalog.setval('public.account_emailaddress_id_seq', 10, true);


--
-- TOC entry 3425 (class 0 OID 0)
-- Dependencies: 221
-- Name: account_emailconfirmation_id_seq; Type: SEQUENCE SET; Schema: public; Owner: postgres
--

SELECT pg_catalog.setval('public.account_emailconfirmation_id_seq', 1, false);


--
-- TOC entry 3426 (class 0 OID 0)
-- Dependencies: 206
-- Name: auth_group_id_seq; Type: SEQUENCE SET; Schema: public; Owner: postgres
--

SELECT pg_catalog.setval('public.auth_group_id_seq', 1, false);


--
-- TOC entry 3427 (class 0 OID 0)
-- Dependencies: 208
-- Name: auth_group_permissions_id_seq; Type: SEQUENCE SET; Schema: public; Owner: postgres
--

SELECT pg_catalog.setval('public.auth_group_permissions_id_seq', 1, false);


--
-- TOC entry 3428 (class 0 OID 0)
-- Dependencies: 204
-- Name: auth_permission_id_seq; Type: SEQUENCE SET; Schema: public; Owner: postgres
--

SELECT pg_catalog.setval('public.auth_permission_id_seq', 144, true);


--
-- TOC entry 3429 (class 0 OID 0)
-- Dependencies: 212
-- Name: auth_user_groups_id_seq; Type: SEQUENCE SET; Schema: public; Owner: postgres
--

SELECT pg_catalog.setval('public.auth_user_groups_id_seq', 1, false);


--
-- TOC entry 3430 (class 0 OID 0)
-- Dependencies: 210
-- Name: auth_user_id_seq; Type: SEQUENCE SET; Schema: public; Owner: postgres
--

SELECT pg_catalog.setval('public.auth_user_id_seq', 42, true);


--
-- TOC entry 3431 (class 0 OID 0)
-- Dependencies: 214
-- Name: auth_user_user_permissions_id_seq; Type: SEQUENCE SET; Schema: public; Owner: postgres
--

SELECT pg_catalog.setval('public.auth_user_user_permissions_id_seq', 1, false);


--
-- TOC entry 3432 (class 0 OID 0)
-- Dependencies: 216
-- Name: django_admin_log_id_seq; Type: SEQUENCE SET; Schema: public; Owner: postgres
--

SELECT pg_catalog.setval('public.django_admin_log_id_seq', 29, true);


--
-- TOC entry 3433 (class 0 OID 0)
-- Dependencies: 202
-- Name: django_content_type_id_seq; Type: SEQUENCE SET; Schema: public; Owner: postgres
--

SELECT pg_catalog.setval('public.django_content_type_id_seq', 35, true);


--
-- TOC entry 3434 (class 0 OID 0)
-- Dependencies: 200
-- Name: django_migrations_id_seq; Type: SEQUENCE SET; Schema: public; Owner: postgres
--

SELECT pg_catalog.setval('public.django_migrations_id_seq', 63, true);


--
-- TOC entry 3435 (class 0 OID 0)
-- Dependencies: 223
-- Name: django_site_id_seq; Type: SEQUENCE SET; Schema: public; Owner: postgres
--

SELECT pg_catalog.setval('public.django_site_id_seq', 7, true);


--
-- TOC entry 3436 (class 0 OID 0)
-- Dependencies: 233
-- Name: oauth_project_equipo_id_seq; Type: SEQUENCE SET; Schema: public; Owner: postgres
--

SELECT pg_catalog.setval('public.oauth_project_equipo_id_seq', 2, true);


--
-- TOC entry 3437 (class 0 OID 0)
-- Dependencies: 235
-- Name: oauth_project_estado_id_seq; Type: SEQUENCE SET; Schema: public; Owner: postgres
--

SELECT pg_catalog.setval('public.oauth_project_estado_id_seq', 1, false);


--
-- TOC entry 3438 (class 0 OID 0)
-- Dependencies: 255
-- Name: oauth_project_integrante_id_seq; Type: SEQUENCE SET; Schema: public; Owner: postgres
--

SELECT pg_catalog.setval('public.oauth_project_integrante_id_seq', 3, true);


--
-- TOC entry 3439 (class 0 OID 0)
-- Dependencies: 253
-- Name: oauth_project_miembro_id_seq; Type: SEQUENCE SET; Schema: public; Owner: postgres
--

SELECT pg_catalog.setval('public.oauth_project_miembro_id_seq', 5, true);


--
-- TOC entry 3440 (class 0 OID 0)
-- Dependencies: 237
-- Name: oauth_project_permiso_id_seq; Type: SEQUENCE SET; Schema: public; Owner: postgres
--

SELECT pg_catalog.setval('public.oauth_project_permiso_id_seq', 1, false);


--
-- TOC entry 3441 (class 0 OID 0)
-- Dependencies: 251
-- Name: oauth_project_permisorol_id_seq; Type: SEQUENCE SET; Schema: public; Owner: postgres
--

SELECT pg_catalog.setval('public.oauth_project_permisorol_id_seq', 43, true);


--
-- TOC entry 3442 (class 0 OID 0)
-- Dependencies: 249
-- Name: oauth_project_profile_id_seq; Type: SEQUENCE SET; Schema: public; Owner: postgres
--

SELECT pg_catalog.setval('public.oauth_project_profile_id_seq', 7, true);


--
-- TOC entry 3443 (class 0 OID 0)
-- Dependencies: 239
-- Name: oauth_project_proyecto_id_seq; Type: SEQUENCE SET; Schema: public; Owner: postgres
--

SELECT pg_catalog.setval('public.oauth_project_proyecto_id_seq', 2, true);


--
-- TOC entry 3444 (class 0 OID 0)
-- Dependencies: 247
-- Name: oauth_project_rolproyecto_id_seq; Type: SEQUENCE SET; Schema: public; Owner: postgres
--

SELECT pg_catalog.setval('public.oauth_project_rolproyecto_id_seq', 10, true);


--
-- TOC entry 3445 (class 0 OID 0)
-- Dependencies: 241
-- Name: oauth_project_sprint_id_seq; Type: SEQUENCE SET; Schema: public; Owner: postgres
--

SELECT pg_catalog.setval('public.oauth_project_sprint_id_seq', 7, true);


--
-- TOC entry 3446 (class 0 OID 0)
-- Dependencies: 243
-- Name: oauth_project_tipouserstory_id_seq; Type: SEQUENCE SET; Schema: public; Owner: postgres
--

SELECT pg_catalog.setval('public.oauth_project_tipouserstory_id_seq', 3, true);


--
-- TOC entry 3447 (class 0 OID 0)
-- Dependencies: 245
-- Name: oauth_project_userstory_id_seq; Type: SEQUENCE SET; Schema: public; Owner: postgres
--

SELECT pg_catalog.setval('public.oauth_project_userstory_id_seq', 12, true);


--
-- TOC entry 3448 (class 0 OID 0)
-- Dependencies: 225
-- Name: socialaccount_socialaccount_id_seq; Type: SEQUENCE SET; Schema: public; Owner: postgres
--

SELECT pg_catalog.setval('public.socialaccount_socialaccount_id_seq', 7, true);


--
-- TOC entry 3449 (class 0 OID 0)
-- Dependencies: 227
-- Name: socialaccount_socialapp_id_seq; Type: SEQUENCE SET; Schema: public; Owner: postgres
--

SELECT pg_catalog.setval('public.socialaccount_socialapp_id_seq', 1, true);


--
-- TOC entry 3450 (class 0 OID 0)
-- Dependencies: 229
-- Name: socialaccount_socialapp_sites_id_seq; Type: SEQUENCE SET; Schema: public; Owner: postgres
--

SELECT pg_catalog.setval('public.socialaccount_socialapp_sites_id_seq', 1, true);


--
-- TOC entry 3451 (class 0 OID 0)
-- Dependencies: 231
-- Name: socialaccount_socialtoken_id_seq; Type: SEQUENCE SET; Schema: public; Owner: postgres
--

SELECT pg_catalog.setval('public.socialaccount_socialtoken_id_seq', 1, false);


--
-- TOC entry 3123 (class 2606 OID 18013)
-- Name: account_emailaddress account_emailaddress_email_key; Type: CONSTRAINT; Schema: public; Owner: postgres
--

ALTER TABLE ONLY public.account_emailaddress
    ADD CONSTRAINT account_emailaddress_email_key UNIQUE (email);


--
-- TOC entry 3125 (class 2606 OID 17986)
-- Name: account_emailaddress account_emailaddress_pkey; Type: CONSTRAINT; Schema: public; Owner: postgres
--

ALTER TABLE ONLY public.account_emailaddress
    ADD CONSTRAINT account_emailaddress_pkey PRIMARY KEY (id);


--
-- TOC entry 3130 (class 2606 OID 17997)
-- Name: account_emailconfirmation account_emailconfirmation_key_key; Type: CONSTRAINT; Schema: public; Owner: postgres
--

ALTER TABLE ONLY public.account_emailconfirmation
    ADD CONSTRAINT account_emailconfirmation_key_key UNIQUE (key);


--
-- TOC entry 3132 (class 2606 OID 17995)
-- Name: account_emailconfirmation account_emailconfirmation_pkey; Type: CONSTRAINT; Schema: public; Owner: postgres
--

ALTER TABLE ONLY public.account_emailconfirmation
    ADD CONSTRAINT account_emailconfirmation_pkey PRIMARY KEY (id);


--
-- TOC entry 3087 (class 2606 OID 17768)
-- Name: auth_group auth_group_name_key; Type: CONSTRAINT; Schema: public; Owner: postgres
--

ALTER TABLE ONLY public.auth_group
    ADD CONSTRAINT auth_group_name_key UNIQUE (name);


--
-- TOC entry 3092 (class 2606 OID 17696)
-- Name: auth_group_permissions auth_group_permissions_group_id_permission_id_0cd325b0_uniq; Type: CONSTRAINT; Schema: public; Owner: postgres
--

ALTER TABLE ONLY public.auth_group_permissions
    ADD CONSTRAINT auth_group_permissions_group_id_permission_id_0cd325b0_uniq UNIQUE (group_id, permission_id);


--
-- TOC entry 3095 (class 2606 OID 17662)
-- Name: auth_group_permissions auth_group_permissions_pkey; Type: CONSTRAINT; Schema: public; Owner: postgres
--

ALTER TABLE ONLY public.auth_group_permissions
    ADD CONSTRAINT auth_group_permissions_pkey PRIMARY KEY (id);


--
-- TOC entry 3089 (class 2606 OID 17653)
-- Name: auth_group auth_group_pkey; Type: CONSTRAINT; Schema: public; Owner: postgres
--

ALTER TABLE ONLY public.auth_group
    ADD CONSTRAINT auth_group_pkey PRIMARY KEY (id);


--
-- TOC entry 3082 (class 2606 OID 17687)
-- Name: auth_permission auth_permission_content_type_id_codename_01ab375a_uniq; Type: CONSTRAINT; Schema: public; Owner: postgres
--

ALTER TABLE ONLY public.auth_permission
    ADD CONSTRAINT auth_permission_content_type_id_codename_01ab375a_uniq UNIQUE (content_type_id, codename);


--
-- TOC entry 3084 (class 2606 OID 17646)
-- Name: auth_permission auth_permission_pkey; Type: CONSTRAINT; Schema: public; Owner: postgres
--

ALTER TABLE ONLY public.auth_permission
    ADD CONSTRAINT auth_permission_pkey PRIMARY KEY (id);


--
-- TOC entry 3103 (class 2606 OID 17678)
-- Name: auth_user_groups auth_user_groups_pkey; Type: CONSTRAINT; Schema: public; Owner: postgres
--

ALTER TABLE ONLY public.auth_user_groups
    ADD CONSTRAINT auth_user_groups_pkey PRIMARY KEY (id);


--
-- TOC entry 3106 (class 2606 OID 17711)
-- Name: auth_user_groups auth_user_groups_user_id_group_id_94350c0c_uniq; Type: CONSTRAINT; Schema: public; Owner: postgres
--

ALTER TABLE ONLY public.auth_user_groups
    ADD CONSTRAINT auth_user_groups_user_id_group_id_94350c0c_uniq UNIQUE (user_id, group_id);


--
-- TOC entry 3097 (class 2606 OID 17669)
-- Name: auth_user auth_user_pkey; Type: CONSTRAINT; Schema: public; Owner: postgres
--

ALTER TABLE ONLY public.auth_user
    ADD CONSTRAINT auth_user_pkey PRIMARY KEY (id);


--
-- TOC entry 3109 (class 2606 OID 17685)
-- Name: auth_user_user_permissions auth_user_user_permissions_pkey; Type: CONSTRAINT; Schema: public; Owner: postgres
--

ALTER TABLE ONLY public.auth_user_user_permissions
    ADD CONSTRAINT auth_user_user_permissions_pkey PRIMARY KEY (id);


--
-- TOC entry 3112 (class 2606 OID 17725)
-- Name: auth_user_user_permissions auth_user_user_permissions_user_id_permission_id_14a6b632_uniq; Type: CONSTRAINT; Schema: public; Owner: postgres
--

ALTER TABLE ONLY public.auth_user_user_permissions
    ADD CONSTRAINT auth_user_user_permissions_user_id_permission_id_14a6b632_uniq UNIQUE (user_id, permission_id);


--
-- TOC entry 3100 (class 2606 OID 17762)
-- Name: auth_user auth_user_username_key; Type: CONSTRAINT; Schema: public; Owner: postgres
--

ALTER TABLE ONLY public.auth_user
    ADD CONSTRAINT auth_user_username_key UNIQUE (username);


--
-- TOC entry 3115 (class 2606 OID 17748)
-- Name: django_admin_log django_admin_log_pkey; Type: CONSTRAINT; Schema: public; Owner: postgres
--

ALTER TABLE ONLY public.django_admin_log
    ADD CONSTRAINT django_admin_log_pkey PRIMARY KEY (id);


--
-- TOC entry 3077 (class 2606 OID 17639)
-- Name: django_content_type django_content_type_app_label_model_76bd3d3b_uniq; Type: CONSTRAINT; Schema: public; Owner: postgres
--

ALTER TABLE ONLY public.django_content_type
    ADD CONSTRAINT django_content_type_app_label_model_76bd3d3b_uniq UNIQUE (app_label, model);


--
-- TOC entry 3079 (class 2606 OID 17637)
-- Name: django_content_type django_content_type_pkey; Type: CONSTRAINT; Schema: public; Owner: postgres
--

ALTER TABLE ONLY public.django_content_type
    ADD CONSTRAINT django_content_type_pkey PRIMARY KEY (id);


--
-- TOC entry 3075 (class 2606 OID 17630)
-- Name: django_migrations django_migrations_pkey; Type: CONSTRAINT; Schema: public; Owner: postgres
--

ALTER TABLE ONLY public.django_migrations
    ADD CONSTRAINT django_migrations_pkey PRIMARY KEY (id);


--
-- TOC entry 3119 (class 2606 OID 17977)
-- Name: django_session django_session_pkey; Type: CONSTRAINT; Schema: public; Owner: postgres
--

ALTER TABLE ONLY public.django_session
    ADD CONSTRAINT django_session_pkey PRIMARY KEY (session_key);


--
-- TOC entry 3135 (class 2606 OID 18023)
-- Name: django_site django_site_domain_a2e37b91_uniq; Type: CONSTRAINT; Schema: public; Owner: postgres
--

ALTER TABLE ONLY public.django_site
    ADD CONSTRAINT django_site_domain_a2e37b91_uniq UNIQUE (domain);


--
-- TOC entry 3137 (class 2606 OID 18021)
-- Name: django_site django_site_pkey; Type: CONSTRAINT; Schema: public; Owner: postgres
--

ALTER TABLE ONLY public.django_site
    ADD CONSTRAINT django_site_pkey PRIMARY KEY (id);


--
-- TOC entry 3158 (class 2606 OID 55559)
-- Name: oauth_project_equipo oauth_project_equipo_pkey; Type: CONSTRAINT; Schema: public; Owner: postgres
--

ALTER TABLE ONLY public.oauth_project_equipo
    ADD CONSTRAINT oauth_project_equipo_pkey PRIMARY KEY (id);


--
-- TOC entry 3161 (class 2606 OID 55569)
-- Name: oauth_project_estado oauth_project_estado_pkey; Type: CONSTRAINT; Schema: public; Owner: postgres
--

ALTER TABLE ONLY public.oauth_project_estado
    ADD CONSTRAINT oauth_project_estado_pkey PRIMARY KEY (id);


--
-- TOC entry 3198 (class 2606 OID 55659)
-- Name: oauth_project_integrante oauth_project_integrante_pkey; Type: CONSTRAINT; Schema: public; Owner: postgres
--

ALTER TABLE ONLY public.oauth_project_integrante
    ADD CONSTRAINT oauth_project_integrante_pkey PRIMARY KEY (id);


--
-- TOC entry 3192 (class 2606 OID 55652)
-- Name: oauth_project_miembro oauth_project_miembro_pkey; Type: CONSTRAINT; Schema: public; Owner: postgres
--

ALTER TABLE ONLY public.oauth_project_miembro
    ADD CONSTRAINT oauth_project_miembro_pkey PRIMARY KEY (id);


--
-- TOC entry 3163 (class 2606 OID 55579)
-- Name: oauth_project_permiso oauth_project_permiso_pkey; Type: CONSTRAINT; Schema: public; Owner: postgres
--

ALTER TABLE ONLY public.oauth_project_permiso
    ADD CONSTRAINT oauth_project_permiso_pkey PRIMARY KEY (id);


--
-- TOC entry 3189 (class 2606 OID 55645)
-- Name: oauth_project_permisorol oauth_project_permisorol_pkey; Type: CONSTRAINT; Schema: public; Owner: postgres
--

ALTER TABLE ONLY public.oauth_project_permisorol
    ADD CONSTRAINT oauth_project_permisorol_pkey PRIMARY KEY (id);


--
-- TOC entry 3184 (class 2606 OID 55636)
-- Name: oauth_project_profile oauth_project_profile_pkey; Type: CONSTRAINT; Schema: public; Owner: postgres
--

ALTER TABLE ONLY public.oauth_project_profile
    ADD CONSTRAINT oauth_project_profile_pkey PRIMARY KEY (id);


--
-- TOC entry 3186 (class 2606 OID 55638)
-- Name: oauth_project_profile oauth_project_profile_user_id_key; Type: CONSTRAINT; Schema: public; Owner: postgres
--

ALTER TABLE ONLY public.oauth_project_profile
    ADD CONSTRAINT oauth_project_profile_user_id_key UNIQUE (user_id);


--
-- TOC entry 3166 (class 2606 OID 55589)
-- Name: oauth_project_proyecto oauth_project_proyecto_pkey; Type: CONSTRAINT; Schema: public; Owner: postgres
--

ALTER TABLE ONLY public.oauth_project_proyecto
    ADD CONSTRAINT oauth_project_proyecto_pkey PRIMARY KEY (id);


--
-- TOC entry 3181 (class 2606 OID 55629)
-- Name: oauth_project_rolproyecto oauth_project_rolproyecto_pkey; Type: CONSTRAINT; Schema: public; Owner: postgres
--

ALTER TABLE ONLY public.oauth_project_rolproyecto
    ADD CONSTRAINT oauth_project_rolproyecto_pkey PRIMARY KEY (id);


--
-- TOC entry 3170 (class 2606 OID 55599)
-- Name: oauth_project_sprint oauth_project_sprint_pkey; Type: CONSTRAINT; Schema: public; Owner: postgres
--

ALTER TABLE ONLY public.oauth_project_sprint
    ADD CONSTRAINT oauth_project_sprint_pkey PRIMARY KEY (id);


--
-- TOC entry 3173 (class 2606 OID 55609)
-- Name: oauth_project_tipouserstory oauth_project_tipouserstory_pkey; Type: CONSTRAINT; Schema: public; Owner: postgres
--

ALTER TABLE ONLY public.oauth_project_tipouserstory
    ADD CONSTRAINT oauth_project_tipouserstory_pkey PRIMARY KEY (id);


--
-- TOC entry 3175 (class 2606 OID 55619)
-- Name: oauth_project_userstory oauth_project_userstory_pkey; Type: CONSTRAINT; Schema: public; Owner: postgres
--

ALTER TABLE ONLY public.oauth_project_userstory
    ADD CONSTRAINT oauth_project_userstory_pkey PRIMARY KEY (id);


--
-- TOC entry 3139 (class 2606 OID 18034)
-- Name: socialaccount_socialaccount socialaccount_socialaccount_pkey; Type: CONSTRAINT; Schema: public; Owner: postgres
--

ALTER TABLE ONLY public.socialaccount_socialaccount
    ADD CONSTRAINT socialaccount_socialaccount_pkey PRIMARY KEY (id);


--
-- TOC entry 3141 (class 2606 OID 18062)
-- Name: socialaccount_socialaccount socialaccount_socialaccount_provider_uid_fc810c6e_uniq; Type: CONSTRAINT; Schema: public; Owner: postgres
--

ALTER TABLE ONLY public.socialaccount_socialaccount
    ADD CONSTRAINT socialaccount_socialaccount_provider_uid_fc810c6e_uniq UNIQUE (provider, uid);


--
-- TOC entry 3146 (class 2606 OID 18070)
-- Name: socialaccount_socialapp_sites socialaccount_socialapp__socialapp_id_site_id_71a9a768_uniq; Type: CONSTRAINT; Schema: public; Owner: postgres
--

ALTER TABLE ONLY public.socialaccount_socialapp_sites
    ADD CONSTRAINT socialaccount_socialapp__socialapp_id_site_id_71a9a768_uniq UNIQUE (socialapp_id, site_id);


--
-- TOC entry 3144 (class 2606 OID 18041)
-- Name: socialaccount_socialapp socialaccount_socialapp_pkey; Type: CONSTRAINT; Schema: public; Owner: postgres
--

ALTER TABLE ONLY public.socialaccount_socialapp
    ADD CONSTRAINT socialaccount_socialapp_pkey PRIMARY KEY (id);


--
-- TOC entry 3148 (class 2606 OID 18048)
-- Name: socialaccount_socialapp_sites socialaccount_socialapp_sites_pkey; Type: CONSTRAINT; Schema: public; Owner: postgres
--

ALTER TABLE ONLY public.socialaccount_socialapp_sites
    ADD CONSTRAINT socialaccount_socialapp_sites_pkey PRIMARY KEY (id);


--
-- TOC entry 3154 (class 2606 OID 18060)
-- Name: socialaccount_socialtoken socialaccount_socialtoken_app_id_account_id_fca4e0ac_uniq; Type: CONSTRAINT; Schema: public; Owner: postgres
--

ALTER TABLE ONLY public.socialaccount_socialtoken
    ADD CONSTRAINT socialaccount_socialtoken_app_id_account_id_fca4e0ac_uniq UNIQUE (app_id, account_id);


--
-- TOC entry 3156 (class 2606 OID 18058)
-- Name: socialaccount_socialtoken socialaccount_socialtoken_pkey; Type: CONSTRAINT; Schema: public; Owner: postgres
--

ALTER TABLE ONLY public.socialaccount_socialtoken
    ADD CONSTRAINT socialaccount_socialtoken_pkey PRIMARY KEY (id);


--
-- TOC entry 3121 (class 1259 OID 18014)
-- Name: account_emailaddress_email_03be32b2_like; Type: INDEX; Schema: public; Owner: postgres
--

CREATE INDEX account_emailaddress_email_03be32b2_like ON public.account_emailaddress USING btree (email varchar_pattern_ops);


--
-- TOC entry 3126 (class 1259 OID 18004)
-- Name: account_emailaddress_user_id_2c513194; Type: INDEX; Schema: public; Owner: postgres
--

CREATE INDEX account_emailaddress_user_id_2c513194 ON public.account_emailaddress USING btree (user_id);


--
-- TOC entry 3127 (class 1259 OID 18011)
-- Name: account_emailconfirmation_email_address_id_5b7f8c58; Type: INDEX; Schema: public; Owner: postgres
--

CREATE INDEX account_emailconfirmation_email_address_id_5b7f8c58 ON public.account_emailconfirmation USING btree (email_address_id);


--
-- TOC entry 3128 (class 1259 OID 18010)
-- Name: account_emailconfirmation_key_f43612bd_like; Type: INDEX; Schema: public; Owner: postgres
--

CREATE INDEX account_emailconfirmation_key_f43612bd_like ON public.account_emailconfirmation USING btree (key varchar_pattern_ops);


--
-- TOC entry 3085 (class 1259 OID 17769)
-- Name: auth_group_name_a6ea08ec_like; Type: INDEX; Schema: public; Owner: postgres
--

CREATE INDEX auth_group_name_a6ea08ec_like ON public.auth_group USING btree (name varchar_pattern_ops);


--
-- TOC entry 3090 (class 1259 OID 17707)
-- Name: auth_group_permissions_group_id_b120cbf9; Type: INDEX; Schema: public; Owner: postgres
--

CREATE INDEX auth_group_permissions_group_id_b120cbf9 ON public.auth_group_permissions USING btree (group_id);


--
-- TOC entry 3093 (class 1259 OID 17708)
-- Name: auth_group_permissions_permission_id_84c5c92e; Type: INDEX; Schema: public; Owner: postgres
--

CREATE INDEX auth_group_permissions_permission_id_84c5c92e ON public.auth_group_permissions USING btree (permission_id);


--
-- TOC entry 3080 (class 1259 OID 17693)
-- Name: auth_permission_content_type_id_2f476e4b; Type: INDEX; Schema: public; Owner: postgres
--

CREATE INDEX auth_permission_content_type_id_2f476e4b ON public.auth_permission USING btree (content_type_id);


--
-- TOC entry 3101 (class 1259 OID 17723)
-- Name: auth_user_groups_group_id_97559544; Type: INDEX; Schema: public; Owner: postgres
--

CREATE INDEX auth_user_groups_group_id_97559544 ON public.auth_user_groups USING btree (group_id);


--
-- TOC entry 3104 (class 1259 OID 17722)
-- Name: auth_user_groups_user_id_6a12ed8b; Type: INDEX; Schema: public; Owner: postgres
--

CREATE INDEX auth_user_groups_user_id_6a12ed8b ON public.auth_user_groups USING btree (user_id);


--
-- TOC entry 3107 (class 1259 OID 17737)
-- Name: auth_user_user_permissions_permission_id_1fbb5f2c; Type: INDEX; Schema: public; Owner: postgres
--

CREATE INDEX auth_user_user_permissions_permission_id_1fbb5f2c ON public.auth_user_user_permissions USING btree (permission_id);


--
-- TOC entry 3110 (class 1259 OID 17736)
-- Name: auth_user_user_permissions_user_id_a95ead1b; Type: INDEX; Schema: public; Owner: postgres
--

CREATE INDEX auth_user_user_permissions_user_id_a95ead1b ON public.auth_user_user_permissions USING btree (user_id);


--
-- TOC entry 3098 (class 1259 OID 17763)
-- Name: auth_user_username_6821ab7c_like; Type: INDEX; Schema: public; Owner: postgres
--

CREATE INDEX auth_user_username_6821ab7c_like ON public.auth_user USING btree (username varchar_pattern_ops);


--
-- TOC entry 3113 (class 1259 OID 17759)
-- Name: django_admin_log_content_type_id_c4bce8eb; Type: INDEX; Schema: public; Owner: postgres
--

CREATE INDEX django_admin_log_content_type_id_c4bce8eb ON public.django_admin_log USING btree (content_type_id);


--
-- TOC entry 3116 (class 1259 OID 17760)
-- Name: django_admin_log_user_id_c564eba6; Type: INDEX; Schema: public; Owner: postgres
--

CREATE INDEX django_admin_log_user_id_c564eba6 ON public.django_admin_log USING btree (user_id);


--
-- TOC entry 3117 (class 1259 OID 17979)
-- Name: django_session_expire_date_a5c62663; Type: INDEX; Schema: public; Owner: postgres
--

CREATE INDEX django_session_expire_date_a5c62663 ON public.django_session USING btree (expire_date);


--
-- TOC entry 3120 (class 1259 OID 17978)
-- Name: django_session_session_key_c0390e0f_like; Type: INDEX; Schema: public; Owner: postgres
--

CREATE INDEX django_session_session_key_c0390e0f_like ON public.django_session USING btree (session_key varchar_pattern_ops);


--
-- TOC entry 3133 (class 1259 OID 18024)
-- Name: django_site_domain_a2e37b91_like; Type: INDEX; Schema: public; Owner: postgres
--

CREATE INDEX django_site_domain_a2e37b91_like ON public.django_site USING btree (domain varchar_pattern_ops);


--
-- TOC entry 3159 (class 1259 OID 55760)
-- Name: oauth_project_equipo_proyecto_id_4f777123; Type: INDEX; Schema: public; Owner: postgres
--

CREATE INDEX oauth_project_equipo_proyecto_id_4f777123 ON public.oauth_project_equipo USING btree (proyecto_id);


--
-- TOC entry 3195 (class 1259 OID 55758)
-- Name: oauth_project_integrante_equipo_id_f3c7eeef; Type: INDEX; Schema: public; Owner: postgres
--

CREATE INDEX oauth_project_integrante_equipo_id_f3c7eeef ON public.oauth_project_integrante USING btree (equipo_id);


--
-- TOC entry 3196 (class 1259 OID 55759)
-- Name: oauth_project_integrante_integrante_id_b80b4afc; Type: INDEX; Schema: public; Owner: postgres
--

CREATE INDEX oauth_project_integrante_integrante_id_b80b4afc ON public.oauth_project_integrante USING btree (integrante_id);


--
-- TOC entry 3193 (class 1259 OID 55746)
-- Name: oauth_project_miembro_rol_id_11d55a0c; Type: INDEX; Schema: public; Owner: postgres
--

CREATE INDEX oauth_project_miembro_rol_id_11d55a0c ON public.oauth_project_miembro USING btree (rol_id);


--
-- TOC entry 3194 (class 1259 OID 55747)
-- Name: oauth_project_miembro_user_id_2a1d3640; Type: INDEX; Schema: public; Owner: postgres
--

CREATE INDEX oauth_project_miembro_user_id_2a1d3640 ON public.oauth_project_miembro USING btree (user_id);


--
-- TOC entry 3187 (class 1259 OID 55734)
-- Name: oauth_project_permisorol_permiso_id_0f1ed904; Type: INDEX; Schema: public; Owner: postgres
--

CREATE INDEX oauth_project_permisorol_permiso_id_0f1ed904 ON public.oauth_project_permisorol USING btree (permiso_id);


--
-- TOC entry 3190 (class 1259 OID 55735)
-- Name: oauth_project_permisorol_rol_id_c54e6a64; Type: INDEX; Schema: public; Owner: postgres
--

CREATE INDEX oauth_project_permisorol_rol_id_c54e6a64 ON public.oauth_project_permisorol USING btree (rol_id);


--
-- TOC entry 3164 (class 1259 OID 55675)
-- Name: oauth_project_proyecto_estado_id_d8ab860b; Type: INDEX; Schema: public; Owner: postgres
--

CREATE INDEX oauth_project_proyecto_estado_id_d8ab860b ON public.oauth_project_proyecto USING btree (estado_id);


--
-- TOC entry 3167 (class 1259 OID 55676)
-- Name: oauth_project_proyecto_scrum_master_id_cc28f43b; Type: INDEX; Schema: public; Owner: postgres
--

CREATE INDEX oauth_project_proyecto_scrum_master_id_cc28f43b ON public.oauth_project_proyecto USING btree (scrum_master_id);


--
-- TOC entry 3182 (class 1259 OID 55718)
-- Name: oauth_project_rolproyecto_proyecto_id_9390e7dc; Type: INDEX; Schema: public; Owner: postgres
--

CREATE INDEX oauth_project_rolproyecto_proyecto_id_9390e7dc ON public.oauth_project_rolproyecto USING btree (proyecto_id);


--
-- TOC entry 3168 (class 1259 OID 55687)
-- Name: oauth_project_sprint_estado_id_9170bde5; Type: INDEX; Schema: public; Owner: postgres
--

CREATE INDEX oauth_project_sprint_estado_id_9170bde5 ON public.oauth_project_sprint USING btree (estado_id);


--
-- TOC entry 3171 (class 1259 OID 55688)
-- Name: oauth_project_sprint_proyecto_id_5caaf49c; Type: INDEX; Schema: public; Owner: postgres
--

CREATE INDEX oauth_project_sprint_proyecto_id_5caaf49c ON public.oauth_project_sprint USING btree (proyecto_id);


--
-- TOC entry 3176 (class 1259 OID 55709)
-- Name: oauth_project_userstory_proyecto_id_d28408e7; Type: INDEX; Schema: public; Owner: postgres
--

CREATE INDEX oauth_project_userstory_proyecto_id_d28408e7 ON public.oauth_project_userstory USING btree (proyecto_id);


--
-- TOC entry 3177 (class 1259 OID 55710)
-- Name: oauth_project_userstory_sprint_asoc_id_b30463c3; Type: INDEX; Schema: public; Owner: postgres
--

CREATE INDEX oauth_project_userstory_sprint_asoc_id_b30463c3 ON public.oauth_project_userstory USING btree (sprint_asoc_id);


--
-- TOC entry 3178 (class 1259 OID 55711)
-- Name: oauth_project_userstory_tipo_user_story_id_be730a2e; Type: INDEX; Schema: public; Owner: postgres
--

CREATE INDEX oauth_project_userstory_tipo_user_story_id_be730a2e ON public.oauth_project_userstory USING btree (tipo_user_story_id);


--
-- TOC entry 3179 (class 1259 OID 55712)
-- Name: oauth_project_userstory_usuario_asignado_id_208a0e91; Type: INDEX; Schema: public; Owner: postgres
--

CREATE INDEX oauth_project_userstory_usuario_asignado_id_208a0e91 ON public.oauth_project_userstory USING btree (usuario_asignado_id);


--
-- TOC entry 3142 (class 1259 OID 18068)
-- Name: socialaccount_socialaccount_user_id_8146e70c; Type: INDEX; Schema: public; Owner: postgres
--

CREATE INDEX socialaccount_socialaccount_user_id_8146e70c ON public.socialaccount_socialaccount USING btree (user_id);


--
-- TOC entry 3149 (class 1259 OID 18082)
-- Name: socialaccount_socialapp_sites_site_id_2579dee5; Type: INDEX; Schema: public; Owner: postgres
--

CREATE INDEX socialaccount_socialapp_sites_site_id_2579dee5 ON public.socialaccount_socialapp_sites USING btree (site_id);


--
-- TOC entry 3150 (class 1259 OID 18081)
-- Name: socialaccount_socialapp_sites_socialapp_id_97fb6e7d; Type: INDEX; Schema: public; Owner: postgres
--

CREATE INDEX socialaccount_socialapp_sites_socialapp_id_97fb6e7d ON public.socialaccount_socialapp_sites USING btree (socialapp_id);


--
-- TOC entry 3151 (class 1259 OID 18093)
-- Name: socialaccount_socialtoken_account_id_951f210e; Type: INDEX; Schema: public; Owner: postgres
--

CREATE INDEX socialaccount_socialtoken_account_id_951f210e ON public.socialaccount_socialtoken USING btree (account_id);


--
-- TOC entry 3152 (class 1259 OID 18094)
-- Name: socialaccount_socialtoken_app_id_636a42d7; Type: INDEX; Schema: public; Owner: postgres
--

CREATE INDEX socialaccount_socialtoken_app_id_636a42d7 ON public.socialaccount_socialtoken USING btree (app_id);


--
-- TOC entry 3208 (class 2606 OID 17998)
-- Name: account_emailaddress account_emailaddress_user_id_2c513194_fk_auth_user_id; Type: FK CONSTRAINT; Schema: public; Owner: postgres
--

ALTER TABLE ONLY public.account_emailaddress
    ADD CONSTRAINT account_emailaddress_user_id_2c513194_fk_auth_user_id FOREIGN KEY (user_id) REFERENCES public.auth_user(id) DEFERRABLE INITIALLY DEFERRED;


--
-- TOC entry 3209 (class 2606 OID 18005)
-- Name: account_emailconfirmation account_emailconfirm_email_address_id_5b7f8c58_fk_account_e; Type: FK CONSTRAINT; Schema: public; Owner: postgres
--

ALTER TABLE ONLY public.account_emailconfirmation
    ADD CONSTRAINT account_emailconfirm_email_address_id_5b7f8c58_fk_account_e FOREIGN KEY (email_address_id) REFERENCES public.account_emailaddress(id) DEFERRABLE INITIALLY DEFERRED;


--
-- TOC entry 3201 (class 2606 OID 17702)
-- Name: auth_group_permissions auth_group_permissio_permission_id_84c5c92e_fk_auth_perm; Type: FK CONSTRAINT; Schema: public; Owner: postgres
--

ALTER TABLE ONLY public.auth_group_permissions
    ADD CONSTRAINT auth_group_permissio_permission_id_84c5c92e_fk_auth_perm FOREIGN KEY (permission_id) REFERENCES public.auth_permission(id) DEFERRABLE INITIALLY DEFERRED;


--
-- TOC entry 3200 (class 2606 OID 17697)
-- Name: auth_group_permissions auth_group_permissions_group_id_b120cbf9_fk_auth_group_id; Type: FK CONSTRAINT; Schema: public; Owner: postgres
--

ALTER TABLE ONLY public.auth_group_permissions
    ADD CONSTRAINT auth_group_permissions_group_id_b120cbf9_fk_auth_group_id FOREIGN KEY (group_id) REFERENCES public.auth_group(id) DEFERRABLE INITIALLY DEFERRED;


--
-- TOC entry 3199 (class 2606 OID 17688)
-- Name: auth_permission auth_permission_content_type_id_2f476e4b_fk_django_co; Type: FK CONSTRAINT; Schema: public; Owner: postgres
--

ALTER TABLE ONLY public.auth_permission
    ADD CONSTRAINT auth_permission_content_type_id_2f476e4b_fk_django_co FOREIGN KEY (content_type_id) REFERENCES public.django_content_type(id) DEFERRABLE INITIALLY DEFERRED;


--
-- TOC entry 3203 (class 2606 OID 17717)
-- Name: auth_user_groups auth_user_groups_group_id_97559544_fk_auth_group_id; Type: FK CONSTRAINT; Schema: public; Owner: postgres
--

ALTER TABLE ONLY public.auth_user_groups
    ADD CONSTRAINT auth_user_groups_group_id_97559544_fk_auth_group_id FOREIGN KEY (group_id) REFERENCES public.auth_group(id) DEFERRABLE INITIALLY DEFERRED;


--
-- TOC entry 3202 (class 2606 OID 17712)
-- Name: auth_user_groups auth_user_groups_user_id_6a12ed8b_fk_auth_user_id; Type: FK CONSTRAINT; Schema: public; Owner: postgres
--

ALTER TABLE ONLY public.auth_user_groups
    ADD CONSTRAINT auth_user_groups_user_id_6a12ed8b_fk_auth_user_id FOREIGN KEY (user_id) REFERENCES public.auth_user(id) DEFERRABLE INITIALLY DEFERRED;


--
-- TOC entry 3205 (class 2606 OID 17731)
-- Name: auth_user_user_permissions auth_user_user_permi_permission_id_1fbb5f2c_fk_auth_perm; Type: FK CONSTRAINT; Schema: public; Owner: postgres
--

ALTER TABLE ONLY public.auth_user_user_permissions
    ADD CONSTRAINT auth_user_user_permi_permission_id_1fbb5f2c_fk_auth_perm FOREIGN KEY (permission_id) REFERENCES public.auth_permission(id) DEFERRABLE INITIALLY DEFERRED;


--
-- TOC entry 3204 (class 2606 OID 17726)
-- Name: auth_user_user_permissions auth_user_user_permissions_user_id_a95ead1b_fk_auth_user_id; Type: FK CONSTRAINT; Schema: public; Owner: postgres
--

ALTER TABLE ONLY public.auth_user_user_permissions
    ADD CONSTRAINT auth_user_user_permissions_user_id_a95ead1b_fk_auth_user_id FOREIGN KEY (user_id) REFERENCES public.auth_user(id) DEFERRABLE INITIALLY DEFERRED;


--
-- TOC entry 3206 (class 2606 OID 17749)
-- Name: django_admin_log django_admin_log_content_type_id_c4bce8eb_fk_django_co; Type: FK CONSTRAINT; Schema: public; Owner: postgres
--

ALTER TABLE ONLY public.django_admin_log
    ADD CONSTRAINT django_admin_log_content_type_id_c4bce8eb_fk_django_co FOREIGN KEY (content_type_id) REFERENCES public.django_content_type(id) DEFERRABLE INITIALLY DEFERRED;


--
-- TOC entry 3207 (class 2606 OID 17754)
-- Name: django_admin_log django_admin_log_user_id_c564eba6_fk_auth_user_id; Type: FK CONSTRAINT; Schema: public; Owner: postgres
--

ALTER TABLE ONLY public.django_admin_log
    ADD CONSTRAINT django_admin_log_user_id_c564eba6_fk_auth_user_id FOREIGN KEY (user_id) REFERENCES public.auth_user(id) DEFERRABLE INITIALLY DEFERRED;


--
-- TOC entry 3215 (class 2606 OID 55660)
-- Name: oauth_project_equipo oauth_project_equipo_proyecto_id_4f777123_fk_oauth_pro; Type: FK CONSTRAINT; Schema: public; Owner: postgres
--

ALTER TABLE ONLY public.oauth_project_equipo
    ADD CONSTRAINT oauth_project_equipo_proyecto_id_4f777123_fk_oauth_pro FOREIGN KEY (proyecto_id) REFERENCES public.oauth_project_proyecto(id) DEFERRABLE INITIALLY DEFERRED;


--
-- TOC entry 3230 (class 2606 OID 55748)
-- Name: oauth_project_integrante oauth_project_integr_equipo_id_f3c7eeef_fk_oauth_pro; Type: FK CONSTRAINT; Schema: public; Owner: postgres
--

ALTER TABLE ONLY public.oauth_project_integrante
    ADD CONSTRAINT oauth_project_integr_equipo_id_f3c7eeef_fk_oauth_pro FOREIGN KEY (equipo_id) REFERENCES public.oauth_project_equipo(id) DEFERRABLE INITIALLY DEFERRED;


--
-- TOC entry 3231 (class 2606 OID 55753)
-- Name: oauth_project_integrante oauth_project_integrante_integrante_id_b80b4afc_fk_auth_user_id; Type: FK CONSTRAINT; Schema: public; Owner: postgres
--

ALTER TABLE ONLY public.oauth_project_integrante
    ADD CONSTRAINT oauth_project_integrante_integrante_id_b80b4afc_fk_auth_user_id FOREIGN KEY (integrante_id) REFERENCES public.auth_user(id) DEFERRABLE INITIALLY DEFERRED;


--
-- TOC entry 3228 (class 2606 OID 55736)
-- Name: oauth_project_miembro oauth_project_miembr_rol_id_11d55a0c_fk_oauth_pro; Type: FK CONSTRAINT; Schema: public; Owner: postgres
--

ALTER TABLE ONLY public.oauth_project_miembro
    ADD CONSTRAINT oauth_project_miembr_rol_id_11d55a0c_fk_oauth_pro FOREIGN KEY (rol_id) REFERENCES public.oauth_project_rolproyecto(id) DEFERRABLE INITIALLY DEFERRED;


--
-- TOC entry 3229 (class 2606 OID 55741)
-- Name: oauth_project_miembro oauth_project_miembro_user_id_2a1d3640_fk_auth_user_id; Type: FK CONSTRAINT; Schema: public; Owner: postgres
--

ALTER TABLE ONLY public.oauth_project_miembro
    ADD CONSTRAINT oauth_project_miembro_user_id_2a1d3640_fk_auth_user_id FOREIGN KEY (user_id) REFERENCES public.auth_user(id) DEFERRABLE INITIALLY DEFERRED;


--
-- TOC entry 3226 (class 2606 OID 55724)
-- Name: oauth_project_permisorol oauth_project_permis_permiso_id_0f1ed904_fk_oauth_pro; Type: FK CONSTRAINT; Schema: public; Owner: postgres
--

ALTER TABLE ONLY public.oauth_project_permisorol
    ADD CONSTRAINT oauth_project_permis_permiso_id_0f1ed904_fk_oauth_pro FOREIGN KEY (permiso_id) REFERENCES public.oauth_project_permiso(id) DEFERRABLE INITIALLY DEFERRED;


--
-- TOC entry 3227 (class 2606 OID 55729)
-- Name: oauth_project_permisorol oauth_project_permis_rol_id_c54e6a64_fk_oauth_pro; Type: FK CONSTRAINT; Schema: public; Owner: postgres
--

ALTER TABLE ONLY public.oauth_project_permisorol
    ADD CONSTRAINT oauth_project_permis_rol_id_c54e6a64_fk_oauth_pro FOREIGN KEY (rol_id) REFERENCES public.oauth_project_rolproyecto(id) DEFERRABLE INITIALLY DEFERRED;


--
-- TOC entry 3225 (class 2606 OID 55719)
-- Name: oauth_project_profile oauth_project_profile_user_id_edd9ae82_fk_auth_user_id; Type: FK CONSTRAINT; Schema: public; Owner: postgres
--

ALTER TABLE ONLY public.oauth_project_profile
    ADD CONSTRAINT oauth_project_profile_user_id_edd9ae82_fk_auth_user_id FOREIGN KEY (user_id) REFERENCES public.auth_user(id) DEFERRABLE INITIALLY DEFERRED;


--
-- TOC entry 3216 (class 2606 OID 55665)
-- Name: oauth_project_proyecto oauth_project_proyec_estado_id_d8ab860b_fk_oauth_pro; Type: FK CONSTRAINT; Schema: public; Owner: postgres
--

ALTER TABLE ONLY public.oauth_project_proyecto
    ADD CONSTRAINT oauth_project_proyec_estado_id_d8ab860b_fk_oauth_pro FOREIGN KEY (estado_id) REFERENCES public.oauth_project_estado(id) DEFERRABLE INITIALLY DEFERRED;


--
-- TOC entry 3217 (class 2606 OID 55670)
-- Name: oauth_project_proyecto oauth_project_proyecto_scrum_master_id_cc28f43b_fk_auth_user_id; Type: FK CONSTRAINT; Schema: public; Owner: postgres
--

ALTER TABLE ONLY public.oauth_project_proyecto
    ADD CONSTRAINT oauth_project_proyecto_scrum_master_id_cc28f43b_fk_auth_user_id FOREIGN KEY (scrum_master_id) REFERENCES public.auth_user(id) DEFERRABLE INITIALLY DEFERRED;


--
-- TOC entry 3224 (class 2606 OID 55713)
-- Name: oauth_project_rolproyecto oauth_project_rolpro_proyecto_id_9390e7dc_fk_oauth_pro; Type: FK CONSTRAINT; Schema: public; Owner: postgres
--

ALTER TABLE ONLY public.oauth_project_rolproyecto
    ADD CONSTRAINT oauth_project_rolpro_proyecto_id_9390e7dc_fk_oauth_pro FOREIGN KEY (proyecto_id) REFERENCES public.oauth_project_proyecto(id) DEFERRABLE INITIALLY DEFERRED;


--
-- TOC entry 3218 (class 2606 OID 55677)
-- Name: oauth_project_sprint oauth_project_sprint_estado_id_9170bde5_fk_oauth_pro; Type: FK CONSTRAINT; Schema: public; Owner: postgres
--

ALTER TABLE ONLY public.oauth_project_sprint
    ADD CONSTRAINT oauth_project_sprint_estado_id_9170bde5_fk_oauth_pro FOREIGN KEY (estado_id) REFERENCES public.oauth_project_estado(id) DEFERRABLE INITIALLY DEFERRED;


--
-- TOC entry 3219 (class 2606 OID 55682)
-- Name: oauth_project_sprint oauth_project_sprint_proyecto_id_5caaf49c_fk_oauth_pro; Type: FK CONSTRAINT; Schema: public; Owner: postgres
--

ALTER TABLE ONLY public.oauth_project_sprint
    ADD CONSTRAINT oauth_project_sprint_proyecto_id_5caaf49c_fk_oauth_pro FOREIGN KEY (proyecto_id) REFERENCES public.oauth_project_proyecto(id) DEFERRABLE INITIALLY DEFERRED;


--
-- TOC entry 3220 (class 2606 OID 55689)
-- Name: oauth_project_userstory oauth_project_userst_proyecto_id_d28408e7_fk_oauth_pro; Type: FK CONSTRAINT; Schema: public; Owner: postgres
--

ALTER TABLE ONLY public.oauth_project_userstory
    ADD CONSTRAINT oauth_project_userst_proyecto_id_d28408e7_fk_oauth_pro FOREIGN KEY (proyecto_id) REFERENCES public.oauth_project_proyecto(id) DEFERRABLE INITIALLY DEFERRED;


--
-- TOC entry 3221 (class 2606 OID 55694)
-- Name: oauth_project_userstory oauth_project_userst_sprint_asoc_id_b30463c3_fk_oauth_pro; Type: FK CONSTRAINT; Schema: public; Owner: postgres
--

ALTER TABLE ONLY public.oauth_project_userstory
    ADD CONSTRAINT oauth_project_userst_sprint_asoc_id_b30463c3_fk_oauth_pro FOREIGN KEY (sprint_asoc_id) REFERENCES public.oauth_project_sprint(id) DEFERRABLE INITIALLY DEFERRED;


--
-- TOC entry 3222 (class 2606 OID 55699)
-- Name: oauth_project_userstory oauth_project_userst_tipo_user_story_id_be730a2e_fk_oauth_pro; Type: FK CONSTRAINT; Schema: public; Owner: postgres
--

ALTER TABLE ONLY public.oauth_project_userstory
    ADD CONSTRAINT oauth_project_userst_tipo_user_story_id_be730a2e_fk_oauth_pro FOREIGN KEY (tipo_user_story_id) REFERENCES public.oauth_project_tipouserstory(id) DEFERRABLE INITIALLY DEFERRED;


--
-- TOC entry 3223 (class 2606 OID 55704)
-- Name: oauth_project_userstory oauth_project_userst_usuario_asignado_id_208a0e91_fk_auth_user; Type: FK CONSTRAINT; Schema: public; Owner: postgres
--

ALTER TABLE ONLY public.oauth_project_userstory
    ADD CONSTRAINT oauth_project_userst_usuario_asignado_id_208a0e91_fk_auth_user FOREIGN KEY (usuario_asignado_id) REFERENCES public.auth_user(id) DEFERRABLE INITIALLY DEFERRED;


--
-- TOC entry 3213 (class 2606 OID 18083)
-- Name: socialaccount_socialtoken socialaccount_social_account_id_951f210e_fk_socialacc; Type: FK CONSTRAINT; Schema: public; Owner: postgres
--

ALTER TABLE ONLY public.socialaccount_socialtoken
    ADD CONSTRAINT socialaccount_social_account_id_951f210e_fk_socialacc FOREIGN KEY (account_id) REFERENCES public.socialaccount_socialaccount(id) DEFERRABLE INITIALLY DEFERRED;


--
-- TOC entry 3214 (class 2606 OID 18088)
-- Name: socialaccount_socialtoken socialaccount_social_app_id_636a42d7_fk_socialacc; Type: FK CONSTRAINT; Schema: public; Owner: postgres
--

ALTER TABLE ONLY public.socialaccount_socialtoken
    ADD CONSTRAINT socialaccount_social_app_id_636a42d7_fk_socialacc FOREIGN KEY (app_id) REFERENCES public.socialaccount_socialapp(id) DEFERRABLE INITIALLY DEFERRED;


--
-- TOC entry 3212 (class 2606 OID 18076)
-- Name: socialaccount_socialapp_sites socialaccount_social_site_id_2579dee5_fk_django_si; Type: FK CONSTRAINT; Schema: public; Owner: postgres
--

ALTER TABLE ONLY public.socialaccount_socialapp_sites
    ADD CONSTRAINT socialaccount_social_site_id_2579dee5_fk_django_si FOREIGN KEY (site_id) REFERENCES public.django_site(id) DEFERRABLE INITIALLY DEFERRED;


--
-- TOC entry 3211 (class 2606 OID 18071)
-- Name: socialaccount_socialapp_sites socialaccount_social_socialapp_id_97fb6e7d_fk_socialacc; Type: FK CONSTRAINT; Schema: public; Owner: postgres
--

ALTER TABLE ONLY public.socialaccount_socialapp_sites
    ADD CONSTRAINT socialaccount_social_socialapp_id_97fb6e7d_fk_socialacc FOREIGN KEY (socialapp_id) REFERENCES public.socialaccount_socialapp(id) DEFERRABLE INITIALLY DEFERRED;


--
-- TOC entry 3210 (class 2606 OID 18063)
-- Name: socialaccount_socialaccount socialaccount_socialaccount_user_id_8146e70c_fk_auth_user_id; Type: FK CONSTRAINT; Schema: public; Owner: postgres
--

ALTER TABLE ONLY public.socialaccount_socialaccount
    ADD CONSTRAINT socialaccount_socialaccount_user_id_8146e70c_fk_auth_user_id FOREIGN KEY (user_id) REFERENCES public.auth_user(id) DEFERRABLE INITIALLY DEFERRED;


-- Completed on 2022-12-12 01:20:02 -03

--
-- PostgreSQL database dump complete
--

